[
    {
        "packType": "limited",
        "packID": 1,
        "packState": 1,
        "packName": "空的小钱夹",
        "packShowName": "空的小钱夹",
        "packPrice": 45,
        "packContent": [
            {
                "itemName": "龙门币",
                "itemQuantity": 300000
            },
            {
                "itemName": "至纯源石",
                "itemQuantity": 13
            }
        ],
        "packDraw": 3.9,
        "packOriginium": 21,
        "packRmbPerDraw": 11.54,
        "packRmbPerOriginium": 2.14,
        "packPPRDraw": 1.01,
        "packPPROriginium": 1.64,
        "gachaOrundum": 0,
        "gachaOriginium": 13,
        "gachaPermit": 0,
        "gachaPermit10": 0
    },
    {
        "packType": "limited",
        "packID": 1,
        "packState": 1,
        "packName": "大帝的手提箱",
        "packShowName": "大帝的手提箱",
        "packPrice": 68,
        "packDraw": 4.8,
        "packOriginium": 34.6666666666667,
        "packRmbPerDraw": 14.17,
        "packRmbPerOriginium": 1.96,
        "packPPRDraw": 0.82,
        "packPPROriginium": 1.79,
        "gachaOrundum": 0,
        "gachaOriginium": 16,
        "gachaPermit": 0,
        "gachaPermit10": 0
    },
    {
        "packType": "limited",
        "packID": 1,
        "packState": 1,
        "packName": "资深干员特训礼包",
        "packShowName": "5⭐精二礼包",
        "packImg": "资深干员特训礼包",
        "packPrice": 98,
        "packDraw": 7.2,
        "packOriginium": 53.6296296296296,
        "packRmbPerDraw": 13.61,
        "packRmbPerOriginium": 1.83,
        "packPPRDraw": 0.86,
        "packPPROriginium": 1.91,
        "gachaOrundum": 0,
        "gachaOriginium": 24,
        "gachaPermit": 0,
        "gachaPermit10": 0
    },
    {
        "packType": "limited",
        "packID": 1,
        "packState": 0,
        "packName": "调用凭证组合包",
        "packShowName": "调用凭证组合包",
        "packPrice": 198,
        "packDraw": 10,
        "packOriginium": 33.3333333333333,
        "packRmbPerDraw": 19.8,
        "packRmbPerOriginium": 5.94,
        "packPPRDraw": 0.59,
        "packPPROriginium": 0.59,
        "gachaOrundum": 0,
        "gachaOriginium": 0,
        "gachaPermit": 0,
        "gachaPermit10": 1
    },
    {
        "packType": "limited",
        "packID": 1,
        "packState": 1,
        "packName": "特训意向礼包",
        "packShowName": "5⭐特训礼包",
        "packImg": "特训意向礼包",
        "packPrice": 68,
        "packDraw": 3.3,
        "packOriginium": 31.18008,
        "packRmbPerDraw": 20.61,
        "packRmbPerOriginium": 2.18,
        "packPPRDraw": 0.57,
        "packPPROriginium": 1.61,
        "gachaOrundum": 0,
        "gachaOriginium": 11,
        "gachaPermit": 0,
        "gachaPermit10": 0
    }
]