[
	{
		"itemId":"30135",
		"itemName":"D32钢",
		"itemType":"orange",
		"itemValueGreen":326.0066,
		"itemValueReason":260.8053
	},
	{
		"itemId":"30125",
		"itemName":"双极纳米片",
		"itemType":"orange",
		"itemValueGreen":292.774,
		"itemValueReason":234.2192
	},
	{
		"itemId":"30115",
		"itemName":"聚合剂",
		"itemType":"orange",
		"itemValueGreen":312.0322,
		"itemValueReason":249.6258
	},
	{
		"itemId":"30145",
		"itemName":"晶体电子单元",
		"itemType":"orange",
		"itemValueGreen":394.0007,
		"itemValueReason":315.2006
	},
	{
		"itemId":"30064",
		"itemName":"改量装置",
		"itemType":"purple",
		"itemValueGreen":121.2992,
		"itemValueReason":97.0394
	},
	{
		"itemId":"30044",
		"itemName":"异铁块",
		"itemType":"purple",
		"itemValueGreen":124.8045,
		"itemValueReason":99.8436
	},
	{
		"itemId":"30084",
		"itemName":"三水锰矿",
		"itemType":"purple",
		"itemValueGreen":124.2357,
		"itemValueReason":99.3886
	},
	{
		"itemId":"31014",
		"itemName":"聚合凝胶",
		"itemType":"purple",
		"itemValueGreen":93.2524,
		"itemValueReason":74.6019
	},
	{
		"itemId":"30074",
		"itemName":"白马醇",
		"itemType":"purple",
		"itemValueGreen":96.547,
		"itemValueReason":77.2376
	},
	{
		"itemId":"30054",
		"itemName":"酮阵列",
		"itemType":"purple",
		"itemValueGreen":128.4439,
		"itemValueReason":102.7551
	},
	{
		"itemId":"30104",
		"itemName":"RMA70-24",
		"itemType":"purple",
		"itemValueGreen":117.0407,
		"itemValueReason":93.6326
	},
	{
		"itemId":"31024",
		"itemName":"炽合金块",
		"itemType":"purple",
		"itemValueGreen":109.4415,
		"itemValueReason":87.5532
	},
	{
		"itemId":"30094",
		"itemName":"五水研磨石",
		"itemType":"purple",
		"itemValueGreen":106.3494,
		"itemValueReason":85.0795
	},
	{
		"itemId":"30024",
		"itemName":"糖聚块",
		"itemType":"purple",
		"itemValueGreen":114.0281,
		"itemValueReason":91.2225
	},
	{
		"itemId":"30034",
		"itemName":"聚酸酯块",
		"itemType":"purple",
		"itemValueGreen":116.9194,
		"itemValueReason":93.5355
	},
	{
		"itemId":"31034",
		"itemName":"晶体电路",
		"itemType":"purple",
		"itemValueGreen":119.6737,
		"itemValueReason":95.739
	},
	{
		"itemId":"30014",
		"itemName":"提纯源岩",
		"itemType":"purple",
		"itemValueGreen":80.4029,
		"itemValueReason":64.3223
	},
	{
		"itemId":"31044",
		"itemName":"精炼溶剂",
		"itemType":"purple",
		"itemValueGreen":109.0324,
		"itemValueReason":87.2259
	},
	{
		"itemId":"31054",
		"itemName":"切削原液",
		"itemType":"purple",
		"itemValueGreen":98.6666,
		"itemValueReason":78.9333
	},
	{
		"itemId":"30063",
		"itemName":"全新装置",
		"itemType":"blue",
		"itemValueGreen":45.529,
		"itemValueReason":36.4232
	},
	{
		"itemId":"30043",
		"itemName":"异铁组",
		"itemType":"blue",
		"itemValueGreen":28.0452,
		"itemValueReason":22.4362
	},
	{
		"itemId":"30083",
		"itemName":"轻锰矿",
		"itemType":"blue",
		"itemValueGreen":35.6495,
		"itemValueReason":28.5196
	},
	{
		"itemId":"31013",
		"itemName":"凝胶",
		"itemType":"blue",
		"itemValueGreen":39.6569,
		"itemValueReason":31.7255
	},
	{
		"itemId":"30073",
		"itemName":"扭转醇",
		"itemType":"blue",
		"itemValueGreen":29.7517,
		"itemValueReason":23.8014
	},
	{
		"itemId":"30053",
		"itemName":"酮凝集组",
		"itemType":"blue",
		"itemValueGreen":35.2106,
		"itemValueReason":28.1685
	},
	{
		"itemId":"30103",
		"itemName":"RMA70-12",
		"itemType":"blue",
		"itemValueGreen":44.4221,
		"itemValueReason":35.5377
	},
	{
		"itemId":"31023",
		"itemName":"炽合金",
		"itemType":"blue",
		"itemValueGreen":31.1372,
		"itemValueReason":24.9098
	},
	{
		"itemId":"30093",
		"itemName":"研磨石",
		"itemType":"blue",
		"itemValueGreen":38.3622,
		"itemValueReason":30.6898
	},
	{
		"itemId":"30023",
		"itemName":"糖组",
		"itemType":"blue",
		"itemValueGreen":27.9602,
		"itemValueReason":22.3682
	},
	{
		"itemId":"30033",
		"itemName":"聚酸酯组",
		"itemType":"blue",
		"itemValueGreen":28.772,
		"itemValueReason":23.0176
	},
	{
		"itemId":"31033",
		"itemName":"晶体元件",
		"itemType":"blue",
		"itemValueGreen":27.2333,
		"itemValueReason":21.7866
	},
	{
		"itemId":"30013",
		"itemName":"固源岩组",
		"itemType":"blue",
		"itemValueGreen":21.4975,
		"itemValueReason":17.198
	},
	{
		"itemId":"31043",
		"itemName":"半自然溶剂",
		"itemType":"blue",
		"itemValueGreen":37.5991,
		"itemValueReason":30.0793
	},
	{
		"itemId":"31053",
		"itemName":"化合切削液",
		"itemType":"blue",
		"itemValueGreen":37.3634,
		"itemValueReason":29.8907
	},
	{
		"itemId":"30012",
		"itemName":"固源岩",
		"itemType":"green",
		"itemValueGreen":4.4272,
		"itemValueReason":3.5418
	},
	{
		"itemId":"30022",
		"itemName":"糖",
		"itemType":"green",
		"itemValueGreen":7.1497,
		"itemValueReason":5.7198
	},
	{
		"itemId":"30032",
		"itemName":"聚酸酯",
		"itemType":"green",
		"itemValueGreen":7.3526,
		"itemValueReason":5.8821
	},
	{
		"itemId":"30042",
		"itemName":"异铁",
		"itemType":"green",
		"itemValueGreen":7.1709,
		"itemValueReason":5.7367
	},
	{
		"itemId":"30052",
		"itemName":"酮凝集",
		"itemType":"green",
		"itemValueGreen":8.9623,
		"itemValueReason":7.1698
	},
	{
		"itemId":"30062",
		"itemName":"装置",
		"itemType":"green",
		"itemValueGreen":11.5419,
		"itemValueReason":9.2335
	},
	{
		"itemId":"30011",
		"itemName":"源岩",
		"itemType":"grey",
		"itemValueGreen":1.4968,
		"itemValueReason":1.1974
	},
	{
		"itemId":"30021",
		"itemName":"代糖",
		"itemType":"grey",
		"itemValueGreen":2.4043,
		"itemValueReason":1.9234
	},
	{
		"itemId":"30031",
		"itemName":"酯原料",
		"itemType":"grey",
		"itemValueGreen":2.4719,
		"itemValueReason":1.9775
	},
	{
		"itemId":"30041",
		"itemName":"异铁碎片",
		"itemType":"grey",
		"itemValueGreen":2.4114,
		"itemValueReason":1.9291
	},
	{
		"itemId":"30051",
		"itemName":"双酮",
		"itemType":"grey",
		"itemValueGreen":3.0085,
		"itemValueReason":2.4068
	},
	{
		"itemId":"30061",
		"itemName":"破损装置",
		"itemType":"grey",
		"itemValueGreen":3.8684,
		"itemValueReason":3.0947
	},
	{
		"itemId":"3301",
		"itemName":"技巧概要·卷1",
		"itemType":"purple",
		"itemValueGreen":2.111,
		"itemValueReason":1.6888
	},
	{
		"itemId":"3302",
		"itemName":"技巧概要·卷2",
		"itemType":"blue",
		"itemValueGreen":5.278,
		"itemValueReason":4.2224
	},
	{
		"itemId":"3303",
		"itemName":"技巧概要·卷3",
		"itemType":"green",
		"itemValueGreen":13.196,
		"itemValueReason":10.5568
	},
	{
		"itemId":"2004",
		"itemName":"高级作战记录",
		"itemType":"orange",
		"itemValueGreen":5.625,
		"itemValueReason":4.5
	},
	{
		"itemId":"2003",
		"itemName":"中级作战记录",
		"itemType":"purple",
		"itemValueGreen":2.8125,
		"itemValueReason":2.25
	},
	{
		"itemId":"2002",
		"itemName":"初级作战记录",
		"itemType":"blue",
		"itemValueGreen":1.125,
		"itemValueReason":0.9
	},
	{
		"itemId":"2001",
		"itemName":"基础作战记录",
		"itemType":"green",
		"itemValueGreen":0.5625,
		"itemValueReason":0.45
	},
	{
		"itemId":"4001",
		"itemName":"龙门币",
		"itemType":"purple",
		"itemValueGreen":0.0045,
		"itemValueReason":0.0036
	},
	{
		"itemId":"3261",
		"itemName":"医疗芯片",
		"itemType":"blue",
		"itemValueGreen":17.8425,
		"itemValueReason":14.274
	},
	{
		"itemId":"3271",
		"itemName":"辅助芯片",
		"itemType":"blue",
		"itemValueGreen":21.42,
		"itemValueReason":17.136
	},
	{
		"itemId":"3211",
		"itemName":"先锋芯片",
		"itemType":"blue",
		"itemValueGreen":21.42,
		"itemValueReason":17.136
	},
	{
		"itemId":"3281",
		"itemName":"特种芯片",
		"itemType":"blue",
		"itemValueGreen":17.8425,
		"itemValueReason":14.274
	},
	{
		"itemId":"3221",
		"itemName":"近卫芯片",
		"itemType":"blue",
		"itemValueGreen":24.9962,
		"itemValueReason":19.997
	},
	{
		"itemId":"3231",
		"itemName":"重装芯片",
		"itemType":"blue",
		"itemValueGreen":24.9962,
		"itemValueReason":19.997
	},
	{
		"itemId":"3241",
		"itemName":"狙击芯片",
		"itemType":"blue",
		"itemValueGreen":21.42,
		"itemValueReason":17.136
	},
	{
		"itemId":"3251",
		"itemName":"术师芯片",
		"itemType":"blue",
		"itemValueGreen":21.42,
		"itemValueReason":17.136
	},
	{
		"itemId":"4003",
		"itemName":"合成玉",
		"itemType":"orange",
		"itemValueGreen":0.9375,
		"itemValueReason":0.75
	},
	{
		"itemId":"7001",
		"itemName":"招聘许可",
		"itemType":"purple",
		"itemValueGreen":30.085,
		"itemValueReason":24.068
	},
	{
		"itemId":"4006",
		"itemName":"采购凭证",
		"itemType":"blue",
		"itemValueGreen":1.7,
		"itemValueReason":1.36
	},
	{
		"itemId":"7003",
		"itemName":"寻访凭证",
		"itemType":"orange",
		"itemValueGreen":562.5,
		"itemValueReason":450.0
	},
	{
		"itemId":"32001",
		"itemName":"芯片助剂",
		"itemType":"purple",
		"itemValueGreen":152.99,
		"itemValueReason":122.392
	},
	{
		"itemId":"3003",
		"itemName":"赤金",
		"itemType":"purple",
		"itemValueGreen":1.25,
		"itemValueReason":1.0
	},
	{
		"itemId":"mod_unlock_token",
		"itemName":"模组数据块",
		"itemType":"orange",
		"itemValueGreen":204.0,
		"itemValueReason":163.2
	},
	{
		"itemId":"STORY_REVIEW_COIN",
		"itemName":"事相碎片",
		"itemType":"orange",
		"itemValueGreen":34.0,
		"itemValueReason":27.2
	},
	{
		"itemId":"charm_coin_1",
		"itemName":"黄金筹码",
		"itemType":"grey",
		"itemValueGreen":9.0,
		"itemValueReason":7.2
	},
	{
		"itemId":"charm_coin_2",
		"itemName":"错版硬币",
		"itemType":"blue",
		"itemValueGreen":12.0,
		"itemValueReason":9.6
	},
	{
		"itemId":"charm_coin_3",
		"itemName":"双日城大乐透",
		"itemType":"purple",
		"itemValueGreen":18.0,
		"itemValueReason":14.4
	},
	{
		"itemId":"charm_coin_4",
		"itemName":"翡翠庭院至臻",
		"itemType":"orange",
		"itemValueGreen":100.0,
		"itemValueReason":80.0
	},
	{
		"itemId":"charm_r1",
		"itemName":"标志物 - 20代金券",
		"itemType":"grey",
		"itemValueGreen":15.0,
		"itemValueReason":12.0
	},
	{
		"itemId":"charm_r2",
		"itemName":"标志物 - 40代金券",
		"itemType":"blue",
		"itemValueGreen":30.0,
		"itemValueReason":24.0
	},
	{
		"itemId":"trap_oxygen_3",
		"itemName":"沙兹专业镀膜装置",
		"itemType":"orange",
		"itemValueGreen":45.0,
		"itemValueReason":36.0
	},
	{
		"itemId":"ap_supply_lt_010",
		"itemName":"应急理智小样",
		"itemType":"purple",
		"itemValueGreen":0.0,
		"itemValueReason":0.0
	},
	{
		"itemId":"randomMaterial_7",
		"itemName":"罗德岛物资补给Ⅳ",
		"itemType":"green",
		"itemValueGreen":14.0,
		"itemValueReason":11.2
	}
]