[
{"itemName":"RMA70-24","cost":"80","rawCost":"80","type":"orange"},
{"itemName":"五水研磨石","cost":"75","rawCost":"75","type":"orange"},
{"itemName":"三水锰矿","cost":"80","rawCost":"80","type":"orange"},
{"itemName":"白马醇","cost":"65","rawCost":"65","type":"orange"},
{"itemName":"改量装置","cost":"85","rawCost":"85","type":"orange"},
{"itemName":"酮阵列","cost":"85","rawCost":"85","type":"orange"},
{"itemName":"聚酸酯块","cost":"80","rawCost":"80","type":"orange"},
{"itemName":"异铁块","cost":"90","rawCost":"90","type":"orange"},
{"itemName":"糖聚块","cost":"75","rawCost":"75","type":"orange"},
{"itemName":"提纯源岩","cost":"60","rawCost":"60","type":"orange"},
{"itemName":"聚合凝胶","cost":"65","rawCost":"65","type":"orange"},
{"itemName":"炽合金块","cost":"75","rawCost":"75","type":"orange"},
{"itemName":"晶体电路","cost":"90","rawCost":"90","type":"orange"},
{"itemName":"轻锰矿","cost":"22.5","rawCost":"22.5","type":"orange"},
{"itemName":"RMA70-12","cost":"30","rawCost":"30","type":"orange"},
{"itemName":"研磨石","cost":"25","rawCost":"25","type":"orange"},
{"itemName":"扭转醇","cost":"20","rawCost":"20","type":"orange"},
{"itemName":"全新装置","cost":"30","rawCost":"30","type":"orange"},
{"itemName":"酮凝集组","cost":"22.5","rawCost":"22.5","type":"orange"},
{"itemName":"聚酸酯组","cost":"17.5","rawCost":"17.5","type":"orange"},
{"itemName":"异铁组","cost":"22.5","rawCost":"22.5","type":"orange"},
{"itemName":"糖组","cost":"17.5","rawCost":"17.5","type":"orange"},
{"itemName":"固源岩组","cost":"15","rawCost":"15","type":"orange"},
{"itemName":"凝胶","cost":"25","rawCost":"25","type":"orange"},
{"itemName":"炽合金","cost":"20","rawCost":"20","type":"orange"},
{"itemName":"晶体元件","cost":"20","rawCost":"20","type":"orange"},
{"itemName":"半自然溶剂","cost":"25","rawCost":"25","type":"orange"},
{"itemName":"化合切削液","cost":"25","rawCost":"25","type":"orange"},
{"itemName":"精炼溶剂","cost":"70","rawCost":"70","type":"orange"},
{"itemName":"切削原液","cost":"70","rawCost":"70","type":"orange"},
{"itemName":"装置","cost":"10","rawCost":"10","type":"orange"},
{"itemName":"酮凝集","cost":"7.5","rawCost":"7.5","type":"orange"},
{"itemName":"异铁","cost":"7.5","rawCost":"7.5","type":"orange"},
{"itemName":"聚酸酯","cost":"6.25","rawCost":"6.25","type":"orange"},
{"itemName":"糖","cost":"6.25","rawCost":"6.25","type":"orange"},
{"itemName":"固源岩","cost":"3.75","rawCost":"3.75","type":"orange"},
{"itemName":"破损装置","cost":"5","rawCost":"5","type":"orange"},
{"itemName":"双酮","cost":"3.75","rawCost":"3.75","type":"orange"},
{"itemName":"异铁碎片","cost":"3.75","rawCost":"3.75","type":"orange"},
{"itemName":"代糖","cost":"3.125","rawCost":"3.125","type":"orange"},
{"itemName":"酯原料","cost":"3.125","rawCost":"3.125","type":"orange"},
{"itemName":"源岩","cost":"1.875","rawCost":"1.875","type":"orange"},
{"itemName":"轻锰矿","cost":"35","rawCost":"35","type":"green"},
{"itemName":"RMA70-12","cost":"45","rawCost":"45","type":"green"},
{"itemName":"研磨石","cost":"40","rawCost":"40","type":"green"},
{"itemName":"扭转醇","cost":"30","rawCost":"30","type":"green"},
{"itemName":"全新装置","cost":"45","rawCost":"45","type":"green"},
{"itemName":"酮凝集组","cost":"35","rawCost":"35","type":"green"},
{"itemName":"聚酸酯组","cost":"30","rawCost":"30","type":"green"},
{"itemName":"异铁组","cost":"35","rawCost":"35","type":"green"},
{"itemName":"糖组","cost":"30","rawCost":"30","type":"green"},
{"itemName":"固源岩组","cost":"25","rawCost":"25","type":"green"},
{"itemName":"半自然溶剂","cost":"40","rawCost":"40","type":"green"},
{"itemName":"化合切削液","cost":"40","rawCost":"40","type":"green"},
{"itemName":"凝胶","cost":"40","rawCost":"40","type":"green"},
{"itemName":"炽合金","cost":"35","rawCost":"35","type":"green"},
{"itemName":"晶体元件","cost":"30","rawCost":"30","type":"green"},
{"itemName":"招聘许可","cost":"15","rawCost":"15","type":"green"},
{"itemName":"寻访凭证","cost":"450","rawCost":"450","type":"green"},
{"itemName":"合成玉","cost":"0.2","rawCost":"0.2","type":"purple"},
{"itemName":"改量装置","cost":"85","rawCost":"85","type":"purple"},
{"itemName":"提纯源岩","cost":"50","rawCost":"50","type":"purple"},
{"itemName":"酮阵列","cost":"65","rawCost":"65","type":"purple"},
{"itemName":"糖聚块","cost":"60","rawCost":"60","type":"purple"},
{"itemName":"异铁块","cost":"70","rawCost":"70","type":"purple"},
{"itemName":"聚酸酯块","cost":"60","rawCost":"60","type":"purple"},
{"itemName":"五水研磨石","cost":"60","rawCost":"60","type":"purple"},
{"itemName":"三水锰矿","cost":"60","rawCost":"60","type":"purple"},
{"itemName":"炽合金块","cost":"60","rawCost":"60","type":"purple"},
{"itemName":"聚合凝胶","cost":"50","rawCost":"50","type":"purple"},
{"itemName":"晶体电路","cost":"70","rawCost":"70","type":"purple"},
{"itemName":"RMA70-24","cost":"65","rawCost":"65","type":"purple"},
{"itemName":"白马醇","cost":"50","rawCost":"50","type":"purple"},
{"itemName":"龙门币","cost":"0.0075","rawCost":"0.0075","type":"purple"},
{"itemName":"精炼溶剂","cost":"55","rawCost":"55","type":"purple"},
{"itemName":"切削原液","cost":"55","rawCost":"55","type":"purple"},
{"itemName":"高级作战记录","cost":"15","rawCost":"15","type":"purple"},
{"itemName":"技巧概要·卷3","cost":"20","rawCost":"20","type":"purple"},
{"itemName":"改量装置","cost":"20","rawCost":"20","type":"yellow"},
{"itemName":"提纯源岩","cost":"10","rawCost":"10","type":"yellow"},
{"itemName":"酮阵列","cost":"15","rawCost":"15","type":"yellow"},
{"itemName":"糖聚块","cost":"10","rawCost":"10","type":"yellow"},
{"itemName":"异铁块","cost":"15","rawCost":"15","type":"yellow"},
{"itemName":"聚酸酯块","cost":"10","rawCost":"10","type":"yellow"},
{"itemName":"五水研磨石","cost":"10","rawCost":"10","type":"yellow"},
{"itemName":"三水锰矿","cost":"10","rawCost":"10","type":"yellow"},
{"itemName":"炽合金块","cost":"15","rawCost":"15","type":"yellow"},
{"itemName":"聚合凝胶","cost":"15","rawCost":"15","type":"yellow"},
{"itemName":"RMA70-24","cost":"15","rawCost":"15","type":"yellow"},
{"itemName":"晶体电路","cost":"15","rawCost":"15","type":"yellow"},
{"itemName":"白马醇","cost":"10","rawCost":"10","type":"yellow"},
{"itemName":"模组数据块","cost":"20","rawCost":"20","type":"yellow"},
{"itemName":"芯片助剂","cost":"15","rawCost":"15","type":"yellow"},
{"itemName":"龙门币","cost":"0.00056","rawCost":"0.00056","type":"grey"},
{"itemName":"基础作战记录","cost":"0.1111","rawCost":"0.1111","type":"grey"},
{"itemName":"初级作战记录","cost":"0.2222","rawCost":"0.2222","type":"grey"},
{"itemName":"招聘许可","cost":"1.6","rawCost":"1.6","type":"grey"},
{"itemName":"赤金","cost":"0.2667","rawCost":"0.2667","type":"grey"},
{"itemName":"技巧概要·卷1","cost":"0.32","rawCost":"0.32","type":"grey"},
{"itemName":"技巧概要·卷2","cost":"0.6667","rawCost":"0.6667","type":"grey"},
{"itemName":"源岩","cost":"0.4","rawCost":"0.4","type":"grey"},
{"itemName":"代糖","cost":"0.5","rawCost":"0.5","type":"grey"},
{"itemName":"酯原料","cost":"0.5","rawCost":"0.5","type":"grey"},
{"itemName":"异铁碎片","cost":"0.6","rawCost":"0.6","type":"grey"},
{"itemName":"双酮","cost":"0.6","rawCost":"0.6","type":"grey"},
{"itemName":"破损装置","cost":"0.8","rawCost":"0.8","type":"grey"},
{"itemName":"固源岩","cost":"0.6667","rawCost":"0.6667","type":"grey"},
{"itemName":"糖","cost":"1","rawCost":"1","type":"grey"},
{"itemName":"聚酸酯","cost":"1","rawCost":"1","type":"grey"},
{"itemName":"异铁","cost":"1.2","rawCost":"1.2","type":"grey"},
{"itemName":"酮凝集","cost":"1.2","rawCost":"1.2","type":"grey"},
{"itemName":"装置","cost":"1.6","rawCost":"1.6","type":"grey"},
{"itemName":"D32钢","cost":"240","rawCost":"240","type":"cc"},
{"itemName":"改量装置","cost":"110","rawCost":"110","type":"cc"},
{"itemName":"RMA70-24","cost":"80","rawCost":"80","type":"cc"},
{"itemName":"精炼溶剂","cost":"70","rawCost":"70","type":"cc"},
{"itemName":"聚酸酯组","cost":"20","rawCost":"20","type":"cc"},
{"itemName":"轻锰矿","cost":"25","rawCost":"25","type":"cc"},
{"itemName":"研磨石","cost":"25","rawCost":"25","type":"cc"},
{"itemName":"龙门币","cost":"0.0035","rawCost":"0.0035","type":"cc"},
{"itemName":"中级作战记录","cost":"3.5","rawCost":"3.5","type":"cc"},
{"itemName":"全新装置","cost":"45","rawCost":"45","type":"cci"},
{"itemName":"晶体元件","cost":"30","rawCost":"30","type":"cci"},
{"itemName":"炽合金","cost":"30","rawCost":"30","type":"cci"},
{"itemName":"龙门币","cost":"0.007407407","rawCost":"0.007407407","type":"cci"},
{"itemName":"中级作战记录","cost":"7","rawCost":"7","type":"cci"},
{"itemName":"技巧概要·卷2","cost":"8","rawCost":"8","type":"cci"},
{"itemName":"固源岩","cost":"8","rawCost":"8","type":"cci"},
{"itemName":"糖","cost":"12","rawCost":"12","type":"cci"},
{"itemName":"聚酸酯","cost":"12","rawCost":"12","type":"cci"},
{"itemName":"异铁","cost":"15","rawCost":"15","type":"cci"},
{"itemName":"酮凝集","cost":"15","rawCost":"15","type":"cci"},
{"itemName":"装置","cost":"20","rawCost":"20","type":"cci"},
{"itemName":"先锋芯片","cost":"30","rawCost":"30","type":"cci"},
{"itemName":"近卫芯片","cost":"30","rawCost":"30","type":"cci"},
{"itemName":"重装芯片","cost":"30","rawCost":"30","type":"cci"},
{"itemName":"狙击芯片","cost":"30","rawCost":"30","type":"cci"},
{"itemName":"术师芯片","cost":"30","rawCost":"30","type":"cci"},
{"itemName":"医疗芯片","cost":"30","rawCost":"30","type":"cci"},
{"itemName":"辅助芯片","cost":"30","rawCost":"30","type":"cci"},
{"itemName":"特种芯片","cost":"30","rawCost":"30","type":"cci"},
{"itemName":"晶体电子单元","cost":"100","rawCost":"100","type":"ss"},
{"itemName":"异铁块","cost":"40","rawCost":"40","type":"ss"},
{"itemName":"酮阵列","cost":"35","rawCost":"35","type":"ss"},
{"itemName":"五水研磨石","cost":"35","rawCost":"35","type":"ss"},
{"itemName":"聚合凝胶","cost":"30","rawCost":"30","type":"ss"},
{"itemName":"全新装置","cost":"15","rawCost":"15","type":"ss"},
{"itemName":"扭转醇","cost":"8","rawCost":"8","type":"ss"},
{"itemName":"龙门币","cost":"0.0014","rawCost":"7","type":"ss"},
{"itemName":"高级作战记录","cost":"2.5","rawCost":"5","type":"ss"},
{"itemName":"中级作战记录","cost":"1.5","rawCost":"3","type":"ss"},
{"itemName":"初级作战记录","cost":"0.5","rawCost":"1","type":"ss"},
{"itemName":"技巧概要·卷3","cost":"4","rawCost":"4","type":"ss"},
{"itemName":"技巧概要·卷2","cost":"2","rawCost":"2","type":"ss"},
{"itemName":"异铁","cost":"3","rawCost":"3","type":"ss"},
{"itemName":"装置","cost":"4","rawCost":"4","type":"ss"},
{"itemName":"酮凝集","cost":"3","rawCost":"3","type":"ss"},
{"itemName":"固源岩","cost":"2","rawCost":"2","type":"ss"},
{"itemName":"糖","cost":"3","rawCost":"3","type":"ss"},
{"itemName":"聚酸酯","cost":"3","rawCost":"3","type":"ss"},
{"itemName":"近卫芯片","cost":"18","rawCost":"18","type":"ss"},
{"itemName":"龙门币","cost":"0.05","rawCost":"1","type":"ss"}
]