[[{"activityName":"第三章","apExpect":16.333,"itemId":"30062","itemType":"全新装置","knockRating":0.918,"sampleConfidence":99.9,"sampleSize":45038,"secondary":"1","secondaryId":"1","spm":"6.62","stageCode":"S3-4","stageColor":2,"stageEfficiency":77.5,"stageState":0,"updateTime":"2022-11-03 12:08:06"},{"activityName":"第一章","apExpect":17.778,"itemId":"30062","itemType":"全新装置","knockRating":0.506,"sampleConfidence":99.9,"sampleSize":10568,"secondary":"1","secondaryId":"1","spm":"3.75","stageCode":"1-12","stageColor":2,"stageEfficiency":74.1,"stageState":0,"updateTime":"2022-11-03 12:08:06"},{"activityName":"第九章","apExpect":17.985,"itemId":"30062","knockRating":1.001,"sampleConfidence":0.0,"sampleSize":1199,"secondary":"1","secondaryId":"1","spm":"5.27","stageCode":"9-3","stageColor":2,"stageEfficiency":56.3,"stageState":0,"updateTime":"2022-11-03 12:08:06"},{"activityName":"叙拉古人","apExpect":18.255,"itemId":"30062","itemType":"全新装置","knockRating":0.822,"sampleConfidence":99.9,"sampleSize":3965,"secondary":"1","secondaryId":"1","spm":"4.97","stageCode":"IS-7","stageColor":2,"stageEfficiency":80.5,"stageState":1,"updateTime":"2022-11-03 12:08:06"},{"activityName":"第五章","apExpect":26.712,"itemId":"30062","itemType":"全新装置","knockRating":0.674,"sampleConfidence":98.2,"sampleSize":371,"secondary":"1","secondaryId":"1","spm":"5.19","stageCode":"S5-5","stageColor":2,"stageEfficiency":39.3,"stageState":0,"updateTime":"2022-11-03 12:08:06"},{"activityName":"第六章","apExpect":27.686,"itemId":"30062","knockRating":0.759,"sampleConfidence":99.9,"sampleSize":37587,"secondary":"1","secondaryId":"1","spm":"5.34","stageCode":"6-11","stageColor":2,"stageEfficiency":94.8,"stageState":0,"updateTime":"2022-11-03 12:08:06"},{"activityName":"第十章标准","apExpect":44.995,"itemId":"30062","knockRating":0.467,"sampleConfidence":99.9,"sampleSize":32812,"secondary":"1","secondaryId":"1","spm":"6.67","stageCode":"10-4","stageColor":2,"stageEfficiency":95.8,"stageState":0,"updateTime":"2022-11-03 12:08:06"}],[{"activityName":"第三章","apExpect":9.853,"itemId":"30032","itemType":"聚酸酯组","knockRating":1.522,"sampleConfidence":99.9,"sampleSize":5412,"secondary":"1","secondaryId":"1","spm":"7.2","stageCode":"S3-2","stageColor":2,"stageEfficiency":77.5,"stageState":0,"updateTime":"2022-11-03 12:08:06"},{"activityName":"第一章","apExpect":10.535,"itemId":"30032","itemType":"聚酸酯组","knockRating":0.854,"sampleConfidence":99.9,"sampleSize":4077,"secondary":"1","secondaryId":"1","spm":"4.15","stageCode":"1-8","stageColor":2,"stageEfficiency":74.5,"stageState":0,"updateTime":"2022-11-03 12:08:06"},{"activityName":"叙拉古人","apExpect":10.752,"itemId":"30032","knockRating":1.395,"sampleConfidence":99.9,"sampleSize":1544,"secondary":"1","secondaryId":"1","spm":"5.23","stageCode":"IS-6","stageColor":2,"stageEfficiency":82.8,"stageState":1,"updateTime":"2022-11-03 12:08:06"},{"activityName":"第五章","apExpect":15.985,"itemId":"30032","itemType":"聚酸酯组","knockRating":1.126,"sampleConfidence":99.9,"sampleSize":230,"secondary":"1","secondaryId":"1","spm":"6.0","stageCode":"S5-3","stageColor":2,"stageEfficiency":39.4,"stageState":0,"updateTime":"2022-11-03 12:08:06"},{"activityName":"第八章","apExpect":16.024,"itemId":"30032","knockRating":1.123,"sampleConfidence":0.0,"sampleSize":227,"secondary":"1","secondaryId":"1","spm":"6.63","stageCode":"R8-4","stageColor":2,"stageEfficiency":39.3,"stageState":0,"updateTime":"2022-11-03 12:08:06"},{"activityName":"第六章","apExpect":16.347,"itemId":"30032","itemType":"聚酸酯组","knockRating":1.101,"sampleConfidence":99.9,"sampleSize":821,"secondary":"1","secondaryId":"1","spm":"6.84","stageCode":"6-9","stageColor":2,"stageEfficiency":53.8,"stageState":0,"updateTime":"2022-11-03 12:08:06"},{"activityName":"叙拉古人","apExpect":21.339,"itemId":"30032","itemType":"聚酸酯组","knockRating":0.562,"sampleConfidence":99.9,"sampleSize":866,"secondary":"1","secondaryId":"1","spm":"3.79","stageCode":"IS-5","stageColor":2,"stageEfficiency":81.6,"stageState":1,"updateTime":"2022-11-03 12:08:06"},{"activityName":"第六章","apExpect":24.814,"itemId":"30032","knockRating":0.725,"sampleConfidence":99.9,"sampleSize":39745,"secondary":"1","secondaryId":"1","spm":"4.48","stageCode":"6-5","stageColor":2,"stageEfficiency":82.8,"stageState":0,"updateTime":"2022-11-03 12:08:06"},{"activityName":"第十章标准","apExpect":27.283,"itemId":"30032","knockRating":0.77,"sampleConfidence":99.9,"sampleSize":51350,"secondary":"1","secondaryId":"1","spm":"6.33","stageCode":"10-16","stageColor":2,"stageEfficiency":97.4,"stageState":0,"updateTime":"2022-11-03 12:08:06"}],[{"activityName":"第二章","apExpect":6.543,"itemId":"30012","itemType":"固源岩组","knockRating":2.293,"sampleConfidence":99.9,"sampleSize":38955,"secondary":"1","secondaryId":"1","spm":"6.67","stageCode":"S2-12","stageColor":2,"stageEfficiency":73.5,"stageState":0,"updateTime":"2022-11-03 12:08:06"},{"activityName":"叙拉古人","apExpect":7.18,"itemId":"30012","itemType":"固源岩组","knockRating":1.671,"sampleConfidence":99.9,"sampleSize":23825,"secondary":"1","secondaryId":"1","spm":"4.68","stageCode":"IS-4","stageColor":2,"stageEfficiency":77.5,"stageState":1,"updateTime":"2022-11-03 12:08:06"},{"activityName":"生于黑夜·插曲","apExpect":7.264,"itemId":"30012","knockRating":2.065,"sampleConfidence":0.0,"sampleSize":430,"secondary":"1","secondaryId":"1","spm":"6.82","stageCode":"DM-5","stageColor":2,"stageEfficiency":67.1,"stageState":0,"updateTime":"2022-11-03 12:08:06"},{"activityName":"第三章","apExpect":8.664,"itemId":"30012","knockRating":2.077,"sampleConfidence":98.4,"sampleSize":1885,"secondary":"1","secondaryId":"1","spm":"7.35","stageCode":"S3-7","stageColor":2,"stageEfficiency":77.0,"stageState":0,"updateTime":"2022-11-03 12:08:06"},{"activityName":"第五章","apExpect":10.786,"itemId":"30012","itemType":"固源岩组","knockRating":1.669,"sampleConfidence":99.9,"sampleSize":2280,"secondary":"1","secondaryId":"1","spm":"5.6","stageCode":"S5-1","stageColor":2,"stageEfficiency":51.4,"stageState":0,"updateTime":"2022-11-03 12:08:06"},{"activityName":"第六章","apExpect":11.024,"itemId":"30012","itemType":"固源岩组","knockRating":1.633,"sampleConfidence":99.9,"sampleSize":1476,"secondary":"1","secondaryId":"1","spm":"5.32","stageCode":"S6-2","stageColor":2,"stageEfficiency":35.5,"stageState":0,"updateTime":"2022-11-03 12:08:06"},{"activityName":"第五章","apExpect":11.357,"itemId":"30012","knockRating":1.849,"sampleConfidence":99.9,"sampleSize":33190,"secondary":"1","secondaryId":"1","spm":"3.74","stageCode":"5-10","stageColor":2,"stageEfficiency":90.3,"stageState":0,"updateTime":"2022-11-03 12:08:06"},{"activityName":"第七章","apExpect":17.526,"itemId":"30012","knockRating":1.027,"sampleConfidence":99.9,"sampleSize":40296,"secondary":"1","secondaryId":"1","spm":"5.54","stageCode":"7-16","stageColor":2,"stageEfficiency":91.3,"stageState":0,"updateTime":"2022-11-03 12:08:06"},{"activityName":"第一章","apExpect":24.093,"itemId":"30012","itemType":"固源岩组","knockRating":1.245,"sampleConfidence":99.9,"sampleSize":29096187,"secondary":"基础作战记录","secondaryId":"2001","spm":"3.05","stageCode":"1-7","stageColor":3,"stageEfficiency":100.0,"stageEfficiencyEx":139.0,"stageState":0,"updateTime":"2022-11-03 12:08:06"}],[{"activityName":"第三章","apExpect":12.305,"itemId":"30042","itemType":"异铁组","knockRating":1.219,"sampleConfidence":99.9,"sampleSize":35323,"secondary":"1","secondaryId":"1","spm":"4.33","stageCode":"S3-3","stageColor":2,"stageEfficiency":77.4,"stageState":0,"updateTime":"2022-11-03 12:08:06"},{"activityName":"愚人号·插曲","apExpect":12.671,"itemId":"30042","knockRating":0.71,"sampleConfidence":99.9,"sampleSize":535,"secondary":"1","secondaryId":"1","spm":"4.12","stageCode":"SN-2","stageColor":2,"stageEfficiency":68.2,"stageState":0,"updateTime":"2022-11-03 12:08:06"},{"activityName":"骑兵与猎人·别传","apExpect":13.174,"itemId":"30042","knockRating":0.683,"sampleConfidence":0.0,"sampleSize":303,"secondary":"1","secondaryId":"1","spm":"3.67","stageCode":"GT-2","stageColor":2,"stageEfficiency":73.5,"stageState":0,"updateTime":"2022-11-03 12:08:06"},{"activityName":"第二章","apExpect":13.46,"itemId":"30042","itemType":"异铁组","knockRating":0.669,"sampleConfidence":99.9,"sampleSize":3492,"secondary":"1","secondaryId":"1","spm":"2.93","stageCode":"2-1","stageColor":2,"stageEfficiency":72.7,"stageState":0,"updateTime":"2022-11-03 12:08:06"},{"activityName":"第八章","apExpect":19.508,"itemId":"30042","knockRating":1.076,"sampleConfidence":99.9,"sampleSize":6487,"secondary":"1","secondaryId":"1","spm":"8.03","stageCode":"M8-7","stageColor":2,"stageEfficiency":92.5,"stageState":0,"updateTime":"2022-11-03 12:08:06"},{"activityName":"第五章","apExpect":19.708,"itemId":"30042","knockRating":1.066,"sampleConfidence":99.9,"sampleSize":17426,"secondary":"1","secondaryId":"1","spm":"6.89","stageCode":"5-7","stageColor":2,"stageEfficiency":89.0,"stageState":0,"updateTime":"2022-11-03 12:08:06"},{"activityName":"第十一章标准","apExpect":20.333,"itemId":"30042","knockRating":1.033,"sampleConfidence":93.6,"sampleSize":1097,"secondary":"1","secondaryId":"1","spm":"6.09","stageCode":"11-6","stageColor":2,"stageEfficiency":93.2,"stageState":0,"updateTime":"2022-11-03 12:08:06"},{"activityName":"第六章","apExpect":20.826,"itemId":"30042","knockRating":0.864,"sampleConfidence":0.0,"sampleSize":280,"secondary":"1","secondaryId":"1","spm":"5.9","stageCode":"6-1","stageColor":2,"stageEfficiency":37.5,"stageState":0,"updateTime":"2022-11-03 12:08:06"},{"activityName":"第七章","apExpect":21.743,"itemId":"30042","knockRating":0.828,"sampleConfidence":0.0,"sampleSize":244,"secondary":"1","secondaryId":"1","spm":"5.43","stageCode":"7-11","stageColor":2,"stageEfficiency":51.9,"stageState":0,"updateTime":"2022-11-03 12:08:06"},{"activityName":"叙拉古人","apExpect":27.367,"itemId":"30042","knockRating":0.438,"sampleConfidence":99.9,"sampleSize":23825,"secondary":"1","secondaryId":"1","spm":"4.68","stageCode":"IS-4","stageColor":2,"stageEfficiency":77.5,"stageState":1,"updateTime":"2022-11-03 12:08:06"},{"activityName":"第九章","apExpect":36.798,"itemId":"30042","knockRating":0.489,"sampleConfidence":99.9,"sampleSize":11765,"secondary":"1","secondaryId":"1","spm":"4.95","stageCode":"9-16","stageColor":2,"stageEfficiency":89.0,"stageState":0,"updateTime":"2022-11-03 12:08:06"}],[{"activityName":"第三章","apExpect":9.839,"itemId":"30022","itemType":"糖组","knockRating":1.525,"sampleConfidence":99.9,"sampleSize":8008,"secondary":"1","secondaryId":"1","spm":"6.92","stageCode":"S3-1","stageColor":2,"stageEfficiency":79.0,"stageState":0,"updateTime":"2022-11-03 12:08:06"},{"activityName":"第二章","apExpect":10.853,"itemId":"30022","knockRating":0.829,"sampleConfidence":0.0,"sampleSize":2976,"secondary":"1","secondaryId":"1","spm":"3.24","stageCode":"2-2","stageColor":2,"stageEfficiency":74.6,"stageState":0,"updateTime":"2022-11-03 12:08:06"},{"activityName":"第七章","apExpect":15.702,"itemId":"30022","knockRating":1.146,"sampleConfidence":0.0,"sampleSize":205,"secondary":"1","secondaryId":"1","spm":"4.64","stageCode":"7-3","stageColor":2,"stageEfficiency":40.8,"stageState":0,"updateTime":"2022-11-03 12:08:06"},{"activityName":"第五章","apExpect":16.169,"itemId":"30022","itemType":"糖组","knockRating":1.113,"sampleConfidence":99.9,"sampleSize":212,"secondary":"1","secondaryId":"1","spm":"5.87","stageCode":"S5-4","stageColor":2,"stageEfficiency":54.9,"stageState":0,"updateTime":"2022-11-03 12:08:06"},{"activityName":"第十一章标准","apExpect":16.768,"itemId":"30022","knockRating":1.252,"sampleConfidence":93.2,"sampleSize":1343,"secondary":"1","secondaryId":"1","spm":"6.63","stageCode":"11-2","stageColor":2,"stageEfficiency":92.7,"stageState":0,"updateTime":"2022-11-03 12:08:06"},{"activityName":"第五章","apExpect":21.143,"itemId":"30022","knockRating":0.851,"sampleConfidence":99.9,"sampleSize":16482,"secondary":"1","secondaryId":"1","spm":"4.95","stageCode":"5-3","stageColor":2,"stageEfficiency":91.1,"stageState":0,"updateTime":"2022-11-03 12:08:06"},{"activityName":"叙拉古人","apExpect":21.787,"itemId":"30022","itemType":"糖组","knockRating":0.688,"sampleConfidence":99.9,"sampleSize":1544,"secondary":"1","secondaryId":"1","spm":"5.23","stageCode":"IS-6","stageColor":2,"stageEfficiency":82.8,"stageState":1,"updateTime":"2022-11-03 12:08:06"},{"activityName":"第七章","apExpect":24.803,"itemId":"30022","knockRating":0.726,"sampleConfidence":99.9,"sampleSize":31476,"secondary":"1","secondaryId":"1","spm":"5.17","stageCode":"7-6","stageColor":2,"stageEfficiency":83.2,"stageState":0,"updateTime":"2022-11-03 12:08:06"}],[{"activityName":"第三章","apExpect":12.245,"itemId":"30052","itemType":"酮凝集组","knockRating":1.225,"sampleConfidence":99.9,"sampleSize":13918,"secondary":"1","secondaryId":"1","spm":"3.77","stageCode":"3-7","stageColor":2,"stageEfficiency":77.8,"stageState":0,"updateTime":"2022-11-03 12:08:06"},{"activityName":"第十章标准","apExpect":12.729,"itemId":"30052","itemType":"酮凝集组","knockRating":1.65,"sampleConfidence":99.9,"sampleSize":1008,"secondary":"1","secondaryId":"1","spm":"7.0","stageCode":"10-9","stageColor":2,"stageEfficiency":82.5,"stageState":0,"updateTime":"2022-11-03 12:08:06"},{"activityName":"第二章","apExpect":13.202,"itemId":"30052","itemType":"酮凝集组","knockRating":0.682,"sampleConfidence":99.9,"sampleSize":2369,"secondary":"1","secondaryId":"1","spm":"4.78","stageCode":"S2-1","stageColor":2,"stageEfficiency":74.1,"stageState":0,"updateTime":"2022-11-03 12:08:06"},{"activityName":"叙拉古人","apExpect":13.567,"itemId":"30052","knockRating":0.885,"sampleConfidence":99.9,"sampleSize":866,"secondary":"1","secondaryId":"1","spm":"3.79","stageCode":"IS-5","stageColor":2,"stageEfficiency":81.6,"stageState":1,"updateTime":"2022-11-03 12:08:06"},{"activityName":"第七章","apExpect":19.521,"itemId":"30052","knockRating":1.076,"sampleConfidence":99.9,"sampleSize":12144,"secondary":"1","secondaryId":"1","spm":"5.55","stageCode":"7-18","stageColor":2,"stageEfficiency":88.8,"stageState":0,"updateTime":"2022-11-03 12:08:06"},{"activityName":"第七章","apExpect":20.831,"itemId":"30052","knockRating":0.864,"sampleConfidence":99.4,"sampleSize":3355,"secondary":"1","secondaryId":"1","spm":"4.78","stageCode":"7-12","stageColor":2,"stageEfficiency":89.2,"stageState":0,"updateTime":"2022-11-03 12:08:06"},{"activityName":"第六章","apExpect":20.932,"itemId":"30052","knockRating":1.003,"sampleConfidence":99.9,"sampleSize":11628,"secondary":"1","secondaryId":"1","spm":"4.04","stageCode":"6-16","stageColor":2,"stageEfficiency":92.2,"stageState":0,"updateTime":"2022-11-03 12:08:06"},{"activityName":"第八章","apExpect":21.182,"itemId":"30052","knockRating":0.85,"sampleConfidence":87.0,"sampleSize":1591,"secondary":"1","secondaryId":"1","spm":"3.86","stageCode":"R8-8","stageColor":2,"stageEfficiency":89.9,"stageState":0,"updateTime":"2022-11-03 12:08:06"},{"activityName":"叙拉古人","apExpect":27.637,"itemId":"30052","knockRating":0.543,"sampleConfidence":99.9,"sampleSize":3965,"secondary":"1","secondaryId":"1","spm":"4.97","stageCode":"IS-7","stageColor":2,"stageEfficiency":80.5,"stageState":1,"updateTime":"2022-11-03 12:08:06"}],[{"activityName":"第二章","apExpect":8.135,"itemId":"30061","knockRating":1.475,"sampleConfidence":0.0,"sampleSize":3003,"secondary":"1","secondaryId":"1","spm":"3.29","stageCode":"2-3","stageColor":2,"stageEfficiency":59.9,"stageState":0,"updateTime":"2022-11-03 12:08:06"},{"activityName":"第一章","apExpect":8.632,"itemId":"30061","itemType":"全新装置","knockRating":0.695,"sampleConfidence":99.9,"sampleSize":751,"secondary":"1","secondaryId":"1","spm":"2.18","stageCode":"1-5","stageColor":2,"stageEfficiency":56.1,"stageState":0,"updateTime":"2022-11-03 12:08:06"},{"activityName":"叙拉古人","apExpect":34.927,"itemId":"30061","knockRating":0.258,"sampleConfidence":99.9,"sampleSize":586,"secondary":"1","secondaryId":"1","spm":"4.86","stageCode":"IS-3","stageColor":2,"stageEfficiency":56.9,"stageState":1,"updateTime":"2022-11-03 12:08:06"},{"activityName":"叙拉古人","apExpect":35.445,"itemId":"30061","knockRating":0.254,"sampleConfidence":99.9,"sampleSize":575,"secondary":"1","secondaryId":"1","spm":"2.93","stageCode":"IS-2","stageColor":2,"stageEfficiency":55.6,"stageState":1,"updateTime":"2022-11-03 12:08:06"},{"activityName":"叙拉古人","apExpect":37.456,"itemId":"30061","knockRating":0.24,"sampleConfidence":99.9,"sampleSize":1852,"secondary":"1","secondaryId":"1","spm":"4.76","stageCode":"IS-1","stageColor":2,"stageEfficiency":55.1,"stageState":1,"updateTime":"2022-11-03 12:08:06"}],[{"activityName":"第二章","apExpect":4.747,"itemId":"30031","itemType":"聚酸酯组","knockRating":2.528,"sampleConfidence":99.9,"sampleSize":589,"secondary":"1","secondaryId":"1","spm":"4.34","stageCode":"S2-7","stageColor":2,"stageEfficiency":60.9,"stageState":0,"updateTime":"2022-11-03 12:08:06"},{"activityName":"序章","apExpect":5.26,"itemId":"30031","itemType":"聚酸酯组","knockRating":1.141,"sampleConfidence":99.9,"sampleSize":711,"secondary":"1","secondaryId":"1","spm":"3.5","stageCode":"0-11","stageColor":2,"stageEfficiency":56.2,"stageState":0,"updateTime":"2022-11-03 12:08:06"},{"activityName":"叙拉古人","apExpect":21.266,"itemId":"30031","knockRating":0.423,"sampleConfidence":99.9,"sampleSize":586,"secondary":"1","secondaryId":"1","spm":"4.86","stageCode":"IS-3","stageColor":2,"stageEfficiency":56.9,"stageState":1,"updateTime":"2022-11-03 12:08:06"},{"activityName":"叙拉古人","apExpect":21.744,"itemId":"30031","knockRating":0.414,"sampleConfidence":99.9,"sampleSize":575,"secondary":"1","secondaryId":"1","spm":"2.93","stageCode":"IS-2","stageColor":2,"stageEfficiency":55.6,"stageState":1,"updateTime":"2022-11-03 12:08:06"},{"activityName":"叙拉古人","apExpect":22.194,"itemId":"30031","knockRating":0.406,"sampleConfidence":99.9,"sampleSize":1852,"secondary":"1","secondaryId":"1","spm":"4.76","stageCode":"IS-1","stageColor":2,"stageEfficiency":55.1,"stageState":1,"updateTime":"2022-11-03 12:08:06"},{"activityName":"第二章","apExpect":38.166,"itemId":"30031","knockRating":0.314,"sampleConfidence":99.9,"sampleSize":652,"secondary":"1","secondaryId":"1","spm":"4.19","stageCode":"S2-10","stageColor":2,"stageEfficiency":62.3,"stageState":0,"updateTime":"2022-11-03 12:08:06"},{"activityName":"第六章","apExpect":40.828,"itemId":"30031","knockRating":0.441,"sampleConfidence":98.0,"sampleSize":778,"secondary":"1","secondaryId":"1","spm":"6.0","stageCode":"S6-4","stageColor":2,"stageEfficiency":35.6,"stageState":0,"updateTime":"2022-11-03 12:08:06"},{"activityName":"第六章","apExpect":41.516,"itemId":"30031","knockRating":0.434,"sampleConfidence":99.9,"sampleSize":286,"secondary":"1","secondaryId":"1","spm":"6.28","stageCode":"S6-1","stageColor":2,"stageEfficiency":72.1,"stageState":0,"updateTime":"2022-11-03 12:08:06"},{"activityName":"画中人·别传","apExpect":41.973,"itemId":"30031","knockRating":0.429,"sampleConfidence":75.4,"sampleSize":520,"secondary":"1","secondaryId":"1","spm":"6.1","stageCode":"WR-9","stageColor":2,"stageEfficiency":86.9,"stageState":0,"updateTime":"2022-11-03 12:08:06"},{"activityName":"第五章","apExpect":42.221,"itemId":"30031","knockRating":0.426,"sampleConfidence":97.6,"sampleSize":2294,"secondary":"1","secondaryId":"1","spm":"6.14","stageCode":"5-4","stageColor":2,"stageEfficiency":74.4,"stageState":0,"updateTime":"2022-11-03 12:08:06"},{"activityName":"第六章","apExpect":42.342,"itemId":"30031","knockRating":0.425,"sampleConfidence":96.4,"sampleSize":2270,"secondary":"1","secondaryId":"1","spm":"6.2","stageCode":"6-10","stageColor":2,"stageEfficiency":72.0,"stageState":0,"updateTime":"2022-11-03 12:08:06"},{"activityName":"玛莉娅临光·别传","apExpect":42.464,"itemId":"30031","knockRating":0.424,"sampleConfidence":88.2,"sampleSize":2043,"secondary":"三水锰矿","secondaryId":"30084","spm":"6.47","stageCode":"MN-8","stageColor":2,"stageEfficiency":86.5,"stageState":0,"updateTime":"2022-11-03 12:08:06"},{"activityName":"第九章","apExpect":42.523,"itemId":"30031","knockRating":0.423,"sampleConfidence":78.2,"sampleSize":1356,"secondary":"聚酸酯块","secondaryId":"30034","spm":"6.14","stageCode":"9-7","stageColor":2,"stageEfficiency":87.9,"stageState":0,"updateTime":"2022-11-03 12:08:06"},{"activityName":"第七章","apExpect":42.535,"itemId":"30031","knockRating":0.423,"sampleConfidence":98.0,"sampleSize":2519,"secondary":"白马醇","secondaryId":"30074","spm":"5.07","stageCode":"7-5","stageColor":2,"stageEfficiency":96.6,"stageState":0,"updateTime":"2022-11-03 12:08:06"},{"activityName":"密林悍将归来·别传","apExpect":42.544,"itemId":"30031","knockRating":0.423,"sampleConfidence":93.4,"sampleSize":3491,"secondary":"1","secondaryId":"1","spm":"4.32","stageCode":"RI-8","stageColor":2,"stageEfficiency":95.8,"stageState":0,"updateTime":"2022-11-03 12:08:06"},{"activityName":"第九章","apExpect":42.595,"itemId":"30031","knockRating":0.423,"sampleConfidence":99.9,"sampleSize":5561,"secondary":"三水锰矿","secondaryId":"30084","spm":"6.0","stageCode":"9-15","stageColor":2,"stageEfficiency":91.8,"stageState":0,"updateTime":"2022-11-03 12:08:06"},{"activityName":"第八章","apExpect":42.728,"itemId":"30031","knockRating":0.421,"sampleConfidence":99.9,"sampleSize":10727,"secondary":"1","secondaryId":"1","spm":"5.22","stageCode":"R8-9","stageColor":2,"stageEfficiency":96.9,"stageState":0,"updateTime":"2022-11-03 12:08:06"},{"activityName":"生于黑夜·插曲","apExpect":42.794,"itemId":"30031","knockRating":0.421,"sampleConfidence":96.2,"sampleSize":1959,"secondary":"白马醇","secondaryId":"30074","spm":"6.14","stageCode":"DM-7","stageColor":2,"stageEfficiency":89.4,"stageState":0,"updateTime":"2022-11-03 12:08:06"},{"activityName":"第六章","apExpect":42.957,"itemId":"30031","knockRating":0.419,"sampleConfidence":99.6,"sampleSize":3711,"secondary":"聚酸酯块","secondaryId":"30034","spm":"6.97","stageCode":"6-4","stageColor":2,"stageEfficiency":93.2,"stageState":0,"updateTime":"2022-11-03 12:08:06"},{"activityName":"第七章","apExpect":43.038,"itemId":"30031","knockRating":0.418,"sampleConfidence":99.9,"sampleSize":9827,"secondary":"提纯源岩","secondaryId":"30014","spm":"6.17","stageCode":"7-2","stageColor":2,"stageEfficiency":84.7,"stageState":0,"updateTime":"2022-11-03 12:08:06"},{"activityName":"第九章","apExpect":43.076,"itemId":"30031","knockRating":0.418,"sampleConfidence":99.6,"sampleSize":4456,"secondary":"炽合金块","secondaryId":"31024","spm":"5.6","stageCode":"9-12","stageColor":2,"stageEfficiency":91.8,"stageState":0,"updateTime":"2022-11-03 12:08:06"},{"activityName":"第三章","apExpect":43.168,"itemId":"30031","knockRating":0.417,"sampleConfidence":99.9,"sampleSize":12653,"secondary":"聚酸酯块","secondaryId":"30034","spm":"5.27","stageCode":"3-8","stageColor":2,"stageEfficiency":93.9,"stageState":0,"updateTime":"2022-11-03 12:08:06"},{"activityName":"第五章","apExpect":43.285,"itemId":"30031","knockRating":0.416,"sampleConfidence":99.9,"sampleSize":9311,"secondary":"聚合凝胶","secondaryId":"31014","spm":"7.3","stageCode":"S5-7","stageColor":2,"stageEfficiency":92.3,"stageState":0,"updateTime":"2022-11-03 12:08:06"},{"activityName":"第八章","apExpect":43.295,"itemId":"30031","knockRating":0.416,"sampleConfidence":99.9,"sampleSize":7721,"secondary":"提纯源岩","secondaryId":"30014","spm":"6.39","stageCode":"R8-3","stageColor":2,"stageEfficiency":86.5,"stageState":0,"updateTime":"2022-11-03 12:08:06"},{"activityName":"沃伦姆德的薄暮·别传","apExpect":43.563,"itemId":"30031","knockRating":0.413,"sampleConfidence":89.4,"sampleSize":2350,"secondary":"酮阵列","secondaryId":"30054","spm":"6.39","stageCode":"TW-7","stageColor":2,"stageEfficiency":88.4,"stageState":0,"updateTime":"2022-11-03 12:08:06"},{"activityName":"第八章","apExpect":43.585,"itemId":"30031","knockRating":0.413,"sampleConfidence":99.9,"sampleSize":5499,"secondary":"三水锰矿","secondaryId":"30084","spm":"6.17","stageCode":"R8-10","stageColor":2,"stageEfficiency":93.9,"stageState":0,"updateTime":"2022-11-03 12:08:06"},{"activityName":"第二章","apExpect":43.601,"itemId":"30031","knockRating":0.275,"sampleConfidence":99.9,"sampleSize":13549,"secondary":"1","secondaryId":"1","spm":"4.83","stageCode":"2-4","stageColor":2,"stageEfficiency":84.6,"stageState":0,"updateTime":"2022-11-03 12:08:06"},{"activityName":"第四章","apExpect":43.674,"itemId":"30031","knockRating":0.412,"sampleConfidence":99.9,"sampleSize":45518,"secondary":"酮阵列","secondaryId":"30054","spm":"6.24","stageCode":"4-5","stageColor":2,"stageEfficiency":95.2,"stageState":0,"updateTime":"2022-11-03 12:08:06"},{"activityName":"第九章","apExpect":43.727,"itemId":"30031","knockRating":0.412,"sampleConfidence":99.9,"sampleSize":25087,"secondary":"切削原液","secondaryId":"31054","spm":"4.68","stageCode":"9-6","stageColor":2,"stageEfficiency":95.2,"stageState":0,"updateTime":"2022-11-03 12:08:06"},{"activityName":"第七章","apExpect":43.741,"itemId":"30031","knockRating":0.412,"sampleConfidence":99.9,"sampleSize":37503,"secondary":"1","secondaryId":"1","spm":"6.35","stageCode":"7-10","stageColor":2,"stageEfficiency":97.4,"stageState":0,"updateTime":"2022-11-03 12:08:06"},{"activityName":"第六章","apExpect":43.778,"itemId":"30031","knockRating":0.411,"sampleConfidence":99.9,"sampleSize":18511,"secondary":"三水锰矿","secondaryId":"30084","spm":"5.24","stageCode":"6-2","stageColor":2,"stageEfficiency":93.5,"stageState":0,"updateTime":"2022-11-03 12:08:06"},{"activityName":"遗尘漫步·插曲","apExpect":43.788,"itemId":"30031","knockRating":0.411,"sampleConfidence":81.2,"sampleSize":939,"secondary":"酮阵列","secondaryId":"30054","spm":"5.87","stageCode":"WD-7","stageColor":2,"stageEfficiency":94.4,"stageState":0,"updateTime":"2022-11-03 12:08:06"},{"activityName":"第五章","apExpect":43.877,"itemId":"30031","knockRating":0.41,"sampleConfidence":99.9,"sampleSize":13129,"secondary":"酮阵列","secondaryId":"30054","spm":"5.74","stageCode":"5-8","stageColor":2,"stageEfficiency":92.7,"stageState":0,"updateTime":"2022-11-03 12:08:06"},{"activityName":"第九章","apExpect":43.96,"itemId":"30031","knockRating":0.409,"sampleConfidence":0.0,"sampleSize":972,"secondary":"1","secondaryId":"1","spm":"null","stageCode":"9-2","stageColor":2,"stageEfficiency":38.5,"stageState":0,"updateTime":"2022-11-03 12:08:06"},{"activityName":"第二章","apExpect":44.325,"itemId":"30031","knockRating":0.271,"sampleConfidence":0.0,"sampleSize":3003,"secondary":"1","secondaryId":"1","spm":"3.29","stageCode":"2-3","stageColor":2,"stageEfficiency":59.9,"stageState":0,"updateTime":"2022-11-03 12:08:06"},{"activityName":"第二章","apExpect":44.502,"itemId":"30031","knockRating":0.27,"sampleConfidence":99.9,"sampleSize":13180,"secondary":"1","secondaryId":"1","spm":"3.73","stageCode":"2-9","stageColor":2,"stageEfficiency":78.3,"stageState":0,"updateTime":"2022-11-03 12:08:06"},{"activityName":"孤岛风云·别传","apExpect":44.535,"itemId":"30031","knockRating":0.269,"sampleConfidence":0.0,"sampleSize":1388,"secondary":"1","secondaryId":"1","spm":"4.16","stageCode":"MB-3","stageColor":2,"stageEfficiency":55.1,"stageState":0,"updateTime":"2022-11-03 12:08:06"},{"activityName":"第七章","apExpect":45.169,"itemId":"30031","knockRating":0.399,"sampleConfidence":95.2,"sampleSize":2138,"secondary":"1","secondaryId":"1","spm":"5.51","stageCode":"7-14","stageColor":2,"stageEfficiency":75.3,"stageState":0,"updateTime":"2022-11-03 12:08:06"},{"activityName":"第二章","apExpect":45.236,"itemId":"30031","knockRating":0.265,"sampleConfidence":99.9,"sampleSize":10016,"secondary":"1","secondaryId":"1","spm":"4.14","stageCode":"2-6","stageColor":2,"stageEfficiency":92.4,"stageState":0,"updateTime":"2022-11-03 12:08:06"},{"activityName":"第二章","apExpect":46.198,"itemId":"30031","knockRating":0.26,"sampleConfidence":99.9,"sampleSize":1051,"secondary":"1","secondaryId":"1","spm":"4.04","stageCode":"S2-5","stageColor":2,"stageEfficiency":57.2,"stageState":0,"updateTime":"2022-11-03 12:08:06"},{"activityName":"覆潮之下·插曲","apExpect":46.349,"itemId":"30031","knockRating":0.259,"sampleConfidence":0.0,"sampleSize":421,"secondary":"1","secondaryId":"1","spm":"3.38","stageCode":"SV-4","stageColor":2,"stageEfficiency":58.5,"stageState":0,"updateTime":"2022-11-03 12:08:06"},{"activityName":"第四章","apExpect":47.415,"itemId":"30031","knockRating":0.38,"sampleConfidence":85.8,"sampleSize":216,"secondary":"1","secondaryId":"1","spm":"7.2","stageCode":"S4-5","stageColor":2,"stageEfficiency":31.8,"stageState":0,"updateTime":"2022-11-03 12:08:06"},{"activityName":"第六章","apExpect":49.395,"itemId":"30031","knockRating":0.364,"sampleConfidence":99.4,"sampleSize":5878,"secondary":"RMA70-24","secondaryId":"30104","spm":"5.87","stageCode":"6-15","stageColor":2,"stageEfficiency":83.2,"stageState":0,"updateTime":"2022-11-03 12:08:06"},{"activityName":"第七章","apExpect":49.882,"itemId":"30031","knockRating":0.421,"sampleConfidence":99.9,"sampleSize":10316,"secondary":"改量装置","secondaryId":"30064","spm":"6.09","stageCode":"7-9","stageColor":2,"stageEfficiency":93.3,"stageState":0,"updateTime":"2022-11-03 12:08:06"}],[{"activityName":"第二章","apExpect":3.238,"itemId":"30011","itemType":"固源岩组","knockRating":3.706,"sampleConfidence":99.9,"sampleSize":1051,"secondary":"1","secondaryId":"1","spm":"4.04","stageCode":"S2-5","stageColor":2,"stageEfficiency":57.2,"stageState":0,"updateTime":"2022-11-03 12:08:06"},{"activityName":"序章","apExpect":3.562,"itemId":"30011","itemType":"固源岩组","knockRating":1.684,"sampleConfidence":99.9,"sampleSize":1521,"secondary":"1","secondaryId":"1","spm":"3.53","stageCode":"0-9","stageColor":2,"stageEfficiency":52.7,"stageState":0,"updateTime":"2022-11-03 12:08:06"},{"activityName":"叙拉古人","apExpect":13.654,"itemId":"30011","itemType":"固源岩组","knockRating":0.659,"sampleConfidence":99.9,"sampleSize":575,"secondary":"1","secondaryId":"1","spm":"2.93","stageCode":"IS-2","stageColor":2,"stageEfficiency":55.6,"stageState":1,"updateTime":"2022-11-03 12:08:06"},{"activityName":"叙拉古人","apExpect":14.125,"itemId":"30011","itemType":"固源岩组","knockRating":0.637,"sampleConfidence":99.9,"sampleSize":1852,"secondary":"1","secondaryId":"1","spm":"4.76","stageCode":"IS-1","stageColor":2,"stageEfficiency":55.1,"stageState":1,"updateTime":"2022-11-03 12:08:06"},{"activityName":"叙拉古人","apExpect":14.371,"itemId":"30011","itemType":"固源岩组","knockRating":0.626,"sampleConfidence":99.9,"sampleSize":586,"secondary":"1","secondaryId":"1","spm":"4.86","stageCode":"IS-3","stageColor":2,"stageEfficiency":56.9,"stageState":1,"updateTime":"2022-11-03 12:08:06"},{"activityName":"覆潮之下·插曲","apExpect":27.912,"itemId":"30011","knockRating":0.43,"sampleConfidence":0.0,"sampleSize":421,"secondary":"1","secondaryId":"1","spm":"3.38","stageCode":"SV-4","stageColor":2,"stageEfficiency":58.5,"stageState":0,"updateTime":"2022-11-03 12:08:06"},{"activityName":"第二章","apExpect":28.767,"itemId":"30011","knockRating":0.417,"sampleConfidence":99.9,"sampleSize":13180,"secondary":"1","secondaryId":"1","spm":"3.73","stageCode":"2-9","stageColor":2,"stageEfficiency":78.3,"stageState":0,"updateTime":"2022-11-03 12:08:06"},{"activityName":"第二章","apExpect":29.075,"itemId":"30011","knockRating":0.413,"sampleConfidence":99.9,"sampleSize":13549,"secondary":"1","secondaryId":"1","spm":"4.83","stageCode":"2-4","stageColor":2,"stageEfficiency":84.6,"stageState":0,"updateTime":"2022-11-03 12:08:06"},{"activityName":"第二章","apExpect":29.237,"itemId":"30011","knockRating":0.41,"sampleConfidence":99.9,"sampleSize":10016,"secondary":"1","secondaryId":"1","spm":"4.14","stageCode":"2-6","stageColor":2,"stageEfficiency":92.4,"stageState":0,"updateTime":"2022-11-03 12:08:06"},{"activityName":"第二章","apExpect":29.298,"itemId":"30011","knockRating":0.41,"sampleConfidence":0.0,"sampleSize":3003,"secondary":"1","secondaryId":"1","spm":"3.29","stageCode":"2-3","stageColor":2,"stageEfficiency":59.9,"stageState":0,"updateTime":"2022-11-03 12:08:06"},{"activityName":"孤岛风云·别传","apExpect":29.743,"itemId":"30011","knockRating":0.403,"sampleConfidence":0.0,"sampleSize":1388,"secondary":"1","secondaryId":"1","spm":"4.16","stageCode":"MB-3","stageColor":2,"stageEfficiency":55.1,"stageState":0,"updateTime":"2022-11-03 12:08:06"},{"activityName":"第二章","apExpect":31.982,"itemId":"30011","knockRating":0.375,"sampleConfidence":99.9,"sampleSize":589,"secondary":"1","secondaryId":"1","spm":"4.34","stageCode":"S2-7","stageColor":2,"stageEfficiency":60.9,"stageState":0,"updateTime":"2022-11-03 12:08:06"},{"activityName":"第二章","apExpect":32.198,"itemId":"30011","knockRating":0.373,"sampleConfidence":99.9,"sampleSize":652,"secondary":"1","secondaryId":"1","spm":"4.19","stageCode":"S2-10","stageColor":2,"stageEfficiency":62.3,"stageState":0,"updateTime":"2022-11-03 12:08:06"}],[{"activityName":"第二章","apExpect":6.123,"itemId":"30041","itemType":"异铁组","knockRating":1.96,"sampleConfidence":99.9,"sampleSize":1939,"secondary":"1","secondaryId":"1","spm":"6.55","stageCode":"S2-8","stageColor":2,"stageEfficiency":60.7,"stageState":0,"updateTime":"2022-11-03 12:08:06"},{"activityName":"第一章","apExpect":6.635,"itemId":"30041","itemType":"异铁组","knockRating":0.904,"sampleConfidence":99.9,"sampleSize":826,"secondary":"1","secondaryId":"1","spm":"3.21","stageCode":"1-3","stageColor":2,"stageEfficiency":55.4,"stageState":0,"updateTime":"2022-11-03 12:08:06"},{"activityName":"覆潮之下·插曲","apExpect":6.781,"itemId":"30041","knockRating":1.77,"sampleConfidence":0.0,"sampleSize":421,"secondary":"1","secondaryId":"1","spm":"3.38","stageCode":"SV-4","stageColor":2,"stageEfficiency":58.5,"stageState":0,"updateTime":"2022-11-03 12:08:06"},{"activityName":"叙拉古人","apExpect":26.109,"itemId":"30041","knockRating":0.345,"sampleConfidence":99.9,"sampleSize":586,"secondary":"1","secondaryId":"1","spm":"4.86","stageCode":"IS-3","stageColor":2,"stageEfficiency":56.9,"stageState":1,"updateTime":"2022-11-03 12:08:06"},{"activityName":"叙拉古人","apExpect":27.596,"itemId":"30041","knockRating":0.326,"sampleConfidence":99.9,"sampleSize":1852,"secondary":"1","secondaryId":"1","spm":"4.76","stageCode":"IS-1","stageColor":2,"stageEfficiency":55.1,"stageState":1,"updateTime":"2022-11-03 12:08:06"},{"activityName":"叙拉古人","apExpect":28.591,"itemId":"30041","knockRating":0.315,"sampleConfidence":99.9,"sampleSize":575,"secondary":"1","secondaryId":"1","spm":"2.93","stageCode":"IS-2","stageColor":2,"stageEfficiency":55.6,"stageState":1,"updateTime":"2022-11-03 12:08:06"},{"activityName":"骑兵与猎人·别传","apExpect":48.733,"itemId":"30041","knockRating":0.246,"sampleConfidence":0.0,"sampleSize":532,"secondary":"1","secondaryId":"1","spm":"4.34","stageCode":"GT-4","stageColor":2,"stageEfficiency":63.6,"stageState":0,"updateTime":"2022-11-03 12:08:06"}],[{"activityName":"骑兵与猎人·别传","apExpect":4.704,"itemId":"30021","knockRating":2.551,"sampleConfidence":0.0,"sampleSize":532,"secondary":"1","secondaryId":"1","spm":"4.34","stageCode":"GT-4","stageColor":2,"stageEfficiency":63.6,"stageState":0,"updateTime":"2022-11-03 12:08:06"},{"activityName":"第二章","apExpect":4.823,"itemId":"30021","itemType":"糖组","knockRating":2.488,"sampleConfidence":99.9,"sampleSize":1111,"secondary":"1","secondaryId":"1","spm":"5.07","stageCode":"S2-6","stageColor":2,"stageEfficiency":62.0,"stageState":0,"updateTime":"2022-11-03 12:08:06"},{"activityName":"序章","apExpect":5.297,"itemId":"30021","itemType":"糖组","knockRating":1.133,"sampleConfidence":99.9,"sampleSize":1297,"secondary":"1","secondaryId":"1","spm":"3.91","stageCode":"0-7","stageColor":2,"stageEfficiency":56.6,"stageState":0,"updateTime":"2022-11-03 12:08:06"},{"activityName":"叙拉古人","apExpect":20.207,"itemId":"30021","knockRating":0.445,"sampleConfidence":99.9,"sampleSize":586,"secondary":"1","secondaryId":"1","spm":"4.86","stageCode":"IS-3","stageColor":2,"stageEfficiency":56.9,"stageState":1,"updateTime":"2022-11-03 12:08:06"},{"activityName":"叙拉古人","apExpect":22.194,"itemId":"30021","knockRating":0.406,"sampleConfidence":99.9,"sampleSize":1852,"secondary":"1","secondaryId":"1","spm":"4.76","stageCode":"IS-1","stageColor":2,"stageEfficiency":55.1,"stageState":1,"updateTime":"2022-11-03 12:08:06"},{"activityName":"叙拉古人","apExpect":22.898,"itemId":"30021","knockRating":0.393,"sampleConfidence":99.9,"sampleSize":575,"secondary":"1","secondaryId":"1","spm":"2.93","stageCode":"IS-2","stageColor":2,"stageEfficiency":55.6,"stageState":1,"updateTime":"2022-11-03 12:08:06"},{"activityName":"第二章","apExpect":43.891,"itemId":"30021","knockRating":0.273,"sampleConfidence":99.9,"sampleSize":940,"secondary":"1","secondaryId":"1","spm":"4.09","stageCode":"2-7","stageColor":2,"stageEfficiency":26.9,"stageState":0,"updateTime":"2022-11-03 12:08:06"},{"activityName":"第二章","apExpect":44.965,"itemId":"30021","knockRating":0.267,"sampleConfidence":99.9,"sampleSize":1274,"secondary":"1","secondaryId":"1","spm":"5.07","stageCode":"S2-9","stageColor":2,"stageEfficiency":60.7,"stageState":0,"updateTime":"2022-11-03 12:08:06"},{"activityName":"第二章","apExpect":46.958,"itemId":"30021","knockRating":0.256,"sampleConfidence":99.9,"sampleSize":19472,"secondary":"1","secondaryId":"1","spm":"4.22","stageCode":"2-5","stageColor":2,"stageEfficiency":94.9,"stageState":0,"updateTime":"2022-11-03 12:08:06"},{"activityName":"第二章","apExpect":47.006,"itemId":"30021","knockRating":0.255,"sampleConfidence":99.9,"sampleSize":1939,"secondary":"1","secondaryId":"1","spm":"6.55","stageCode":"S2-8","stageColor":2,"stageEfficiency":60.7,"stageState":0,"updateTime":"2022-11-03 12:08:06"},{"activityName":"第二章","apExpect":47.197,"itemId":"30021","knockRating":0.254,"sampleConfidence":99.9,"sampleSize":10407,"secondary":"1","secondaryId":"1","spm":"3.85","stageCode":"2-8","stageColor":2,"stageEfficiency":76.0,"stageState":0,"updateTime":"2022-11-03 12:08:06"}],[{"activityName":"第二章","apExpect":6.007,"itemId":"30051","itemType":"酮凝集组","knockRating":1.998,"sampleConfidence":99.9,"sampleSize":1274,"secondary":"1","secondaryId":"1","spm":"5.07","stageCode":"S2-9","stageColor":2,"stageEfficiency":60.7,"stageState":0,"updateTime":"2022-11-03 12:08:06"},{"activityName":"第一章","apExpect":6.649,"itemId":"30051","itemType":"酮凝集组","knockRating":0.902,"sampleConfidence":99.9,"sampleSize":1147,"secondary":"1","secondaryId":"1","spm":"2.07","stageCode":"1-6","stageColor":2,"stageEfficiency":54.3,"stageState":0,"updateTime":"2022-11-03 12:08:06"},{"activityName":"孤岛风云·别传","apExpect":6.67,"itemId":"30051","knockRating":1.799,"sampleConfidence":0.0,"sampleSize":1388,"secondary":"1","secondaryId":"1","spm":"4.16","stageCode":"MB-3","stageColor":2,"stageEfficiency":55.1,"stageState":0,"updateTime":"2022-11-03 12:08:06"},{"activityName":"叙拉古人","apExpect":26.538,"itemId":"30051","knockRating":0.339,"sampleConfidence":99.9,"sampleSize":575,"secondary":"1","secondaryId":"1","spm":"2.93","stageCode":"IS-2","stageColor":2,"stageEfficiency":55.6,"stageState":1,"updateTime":"2022-11-03 12:08:06"},{"activityName":"叙拉古人","apExpect":26.884,"itemId":"30051","knockRating":0.335,"sampleConfidence":99.9,"sampleSize":1852,"secondary":"1","secondaryId":"1","spm":"4.76","stageCode":"IS-1","stageColor":2,"stageEfficiency":55.1,"stageState":1,"updateTime":"2022-11-03 12:08:06"},{"activityName":"叙拉古人","apExpect":28.053,"itemId":"30051","knockRating":0.321,"sampleConfidence":99.9,"sampleSize":586,"secondary":"1","secondaryId":"1","spm":"4.86","stageCode":"IS-3","stageColor":2,"stageEfficiency":56.9,"stageState":1,"updateTime":"2022-11-03 12:08:06"}]]