[{"lMDCost":9.39,"orundumPerAp":1.09,"orundumPerApEfficiency":100.0,"stageCode":"1-7","stageEfficiency":100.0},{"lMDCost":9.15,"orundumPerAp":0.86,"orundumPerApEfficiency":79.34,"stageCode":"S2-12","stageEfficiency":81.89},{"lMDCost":9.08,"orundumPerAp":0.79,"orundumPerApEfficiency":72.76,"stageCode":"DM-5","stageEfficiency":74.73},{"lMDCost":6.3,"orundumPerAp":0.72,"orundumPerApEfficiency":66.37,"stageCode":"S3-4","stageEfficiency":78.58},{"lMDCost":9.6,"orundumPerAp":0.7,"orundumPerApEfficiency":63.88,"stageCode":"IS-4","stageEfficiency":85.68},{"lMDCost":5.95,"orundumPerAp":0.6,"orundumPerApEfficiency":55.22,"stageCode":"1-12","stageEfficiency":66.98},{"lMDCost":4.99,"orundumPerAp":0.58,"orundumPerApEfficiency":53.15,"stageCode":"S2-5","stageEfficiency":57.18},{"lMDCost":9.6,"orundumPerAp":0.58,"orundumPerApEfficiency":52.93,"stageCode":"S3-7","stageEfficiency":82.14},{"lMDCost":6.0,"orundumPerAp":0.56,"orundumPerApEfficiency":51.02,"stageCode":"9-3","stageEfficiency":56.23},{"lMDCost":6.0,"orundumPerAp":0.55,"orundumPerApEfficiency":50.28,"stageCode":"IS-7","stageEfficiency":81.16},{"lMDCost":5.95,"orundumPerAp":0.49,"orundumPerApEfficiency":44.88,"stageCode":"2-3","stageEfficiency":55.05},{"lMDCost":4.81,"orundumPerAp":0.47,"orundumPerApEfficiency":43.27,"stageCode":"0-9","stageEfficiency":46.26},{"lMDCost":9.6,"orundumPerAp":0.46,"orundumPerApEfficiency":42.53,"stageCode":"S5-1","stageEfficiency":41.03},{"lMDCost":9.6,"orundumPerAp":0.45,"orundumPerApEfficiency":41.62,"stageCode":"S6-2","stageEfficiency":40.24},{"lMDCost":9.6,"orundumPerAp":0.44,"orundumPerApEfficiency":40.39,"stageCode":"5-10","stageEfficiency":94.83},{"lMDCost":5.97,"orundumPerAp":0.4,"orundumPerApEfficiency":36.31,"stageCode":"1-5","stageEfficiency":44.74},{"lMDCost":6.0,"orundumPerAp":0.37,"orundumPerApEfficiency":34.35,"stageCode":"S5-5","stageEfficiency":39.27},{"lMDCost":6.0,"orundumPerAp":0.36,"orundumPerApEfficiency":33.16,"stageCode":"6-11","stageEfficiency":93.54}]