[[{"activityName":"第三章","apExpect":16.333,"itemId":"30062","itemType":"全新装置","knockRating":0.918,"sampleConfidence":99.9,"sampleSize":44918,"secondary":"1","secondaryId":"1","spm":"6.62","stageCode":"S3-4","stageColor":2,"stageEfficiency":77.8,"stageState":0,"updateTime":"2022-11-03 11:25:35"},{"activityName":"第一章","apExpect":17.782,"itemId":"30062","itemType":"全新装置","knockRating":0.506,"sampleConfidence":99.9,"sampleSize":10525,"secondary":"1","secondaryId":"1","spm":"3.75","stageCode":"1-12","stageColor":2,"stageEfficiency":73.0,"stageState":0,"updateTime":"2022-11-03 11:25:35"},{"activityName":"第九章","apExpect":17.985,"itemId":"30062","knockRating":1.001,"sampleConfidence":0.0,"sampleSize":1191,"secondary":"1","secondaryId":"1","spm":"5.27","stageCode":"9-3","stageColor":2,"stageEfficiency":56.4,"stageState":0,"updateTime":"2022-11-03 11:25:35"},{"activityName":"叙拉古人","apExpect":18.137,"itemId":"30062","itemType":"全新装置","knockRating":0.827,"sampleConfidence":99.9,"sampleSize":1717,"secondary":"1","secondaryId":"1","spm":"4.97","stageCode":"IS-7","stageColor":2,"stageEfficiency":80.5,"stageState":1,"updateTime":"2022-11-03 11:25:35"},{"activityName":"第五章","apExpect":26.712,"itemId":"30062","itemType":"全新装置","knockRating":0.674,"sampleConfidence":98.0,"sampleSize":371,"secondary":"1","secondaryId":"1","spm":"5.19","stageCode":"S5-5","stageColor":2,"stageEfficiency":39.4,"stageState":0,"updateTime":"2022-11-03 11:25:35"},{"activityName":"第六章","apExpect":27.669,"itemId":"30062","knockRating":0.759,"sampleConfidence":99.9,"sampleSize":37484,"secondary":"1","secondaryId":"1","spm":"5.34","stageCode":"6-11","stageColor":2,"stageEfficiency":94.5,"stageState":0,"updateTime":"2022-11-03 11:25:35"},{"activityName":"第十章标准","apExpect":45.01,"itemId":"30062","knockRating":0.467,"sampleConfidence":99.9,"sampleSize":32729,"secondary":"1","secondaryId":"1","spm":"6.67","stageCode":"10-4","stageColor":2,"stageEfficiency":96.1,"stageState":0,"updateTime":"2022-11-03 11:25:35"}],[{"activityName":"第三章","apExpect":9.855,"itemId":"30032","itemType":"聚酸酯组","knockRating":1.522,"sampleConfidence":99.9,"sampleSize":5383,"secondary":"1","secondaryId":"1","spm":"7.2","stageCode":"S3-2","stageColor":2,"stageEfficiency":77.9,"stageState":0,"updateTime":"2022-11-03 11:25:35"},{"activityName":"第一章","apExpect":10.53,"itemId":"30032","itemType":"聚酸酯组","knockRating":0.855,"sampleConfidence":99.9,"sampleSize":4006,"secondary":"1","secondaryId":"1","spm":"4.15","stageCode":"1-8","stageColor":2,"stageEfficiency":73.4,"stageState":0,"updateTime":"2022-11-03 11:25:35"},{"activityName":"叙拉古人","apExpect":11.092,"itemId":"30032","knockRating":1.352,"sampleConfidence":99.9,"sampleSize":650,"secondary":"1","secondaryId":"1","spm":"5.23","stageCode":"IS-6","stageColor":2,"stageEfficiency":82.0,"stageState":1,"updateTime":"2022-11-03 11:25:35"},{"activityName":"第五章","apExpect":15.985,"itemId":"30032","itemType":"聚酸酯组","knockRating":1.126,"sampleConfidence":99.9,"sampleSize":230,"secondary":"1","secondaryId":"1","spm":"6.0","stageCode":"S5-3","stageColor":2,"stageEfficiency":39.5,"stageState":0,"updateTime":"2022-11-03 11:25:35"},{"activityName":"第八章","apExpect":16.024,"itemId":"30032","knockRating":1.123,"sampleConfidence":0.0,"sampleSize":227,"secondary":"1","secondaryId":"1","spm":"6.63","stageCode":"R8-4","stageColor":2,"stageEfficiency":39.5,"stageState":0,"updateTime":"2022-11-03 11:25:35"},{"activityName":"第六章","apExpect":16.342,"itemId":"30032","itemType":"聚酸酯组","knockRating":1.101,"sampleConfidence":99.9,"sampleSize":818,"secondary":"1","secondaryId":"1","spm":"6.84","stageCode":"6-9","stageColor":2,"stageEfficiency":51.3,"stageState":0,"updateTime":"2022-11-03 11:25:35"},{"activityName":"叙拉古人","apExpect":22.033,"itemId":"30032","itemType":"聚酸酯组","knockRating":0.545,"sampleConfidence":98.0,"sampleSize":336,"secondary":"1","secondaryId":"1","spm":"3.79","stageCode":"IS-5","stageColor":2,"stageEfficiency":81.7,"stageState":1,"updateTime":"2022-11-03 11:25:35"},{"activityName":"第六章","apExpect":24.814,"itemId":"30032","knockRating":0.725,"sampleConfidence":99.9,"sampleSize":39726,"secondary":"1","secondaryId":"1","spm":"4.48","stageCode":"6-5","stageColor":2,"stageEfficiency":84.4,"stageState":0,"updateTime":"2022-11-03 11:25:35"},{"activityName":"第十章标准","apExpect":27.295,"itemId":"30032","knockRating":0.769,"sampleConfidence":99.9,"sampleSize":50208,"secondary":"1","secondaryId":"1","spm":"6.33","stageCode":"10-16","stageColor":2,"stageEfficiency":97.4,"stageState":0,"updateTime":"2022-11-03 11:25:35"}],[{"activityName":"第二章","apExpect":6.542,"itemId":"30012","itemType":"固源岩组","knockRating":2.293,"sampleConfidence":99.9,"sampleSize":38795,"secondary":"1","secondaryId":"1","spm":"6.67","stageCode":"S2-12","stageColor":2,"stageEfficiency":75.0,"stageState":0,"updateTime":"2022-11-03 11:25:35"},{"activityName":"叙拉古人","apExpect":7.188,"itemId":"30012","itemType":"固源岩组","knockRating":1.669,"sampleConfidence":99.9,"sampleSize":8257,"secondary":"1","secondaryId":"1","spm":"4.68","stageCode":"IS-4","stageColor":2,"stageEfficiency":79.1,"stageState":1,"updateTime":"2022-11-03 11:25:35"},{"activityName":"生于黑夜·插曲","apExpect":7.264,"itemId":"30012","knockRating":2.065,"sampleConfidence":0.0,"sampleSize":430,"secondary":"1","secondaryId":"1","spm":"6.82","stageCode":"DM-5","stageColor":2,"stageEfficiency":68.4,"stageState":0,"updateTime":"2022-11-03 11:25:35"},{"activityName":"第三章","apExpect":8.67,"itemId":"30012","knockRating":2.076,"sampleConfidence":98.6,"sampleSize":1879,"secondary":"1","secondaryId":"1","spm":"7.35","stageCode":"S3-7","stageColor":2,"stageEfficiency":77.9,"stageState":0,"updateTime":"2022-11-03 11:25:35"},{"activityName":"第五章","apExpect":10.786,"itemId":"30012","itemType":"固源岩组","knockRating":1.669,"sampleConfidence":99.9,"sampleSize":2268,"secondary":"1","secondaryId":"1","spm":"5.6","stageCode":"S5-1","stageColor":2,"stageEfficiency":49.6,"stageState":0,"updateTime":"2022-11-03 11:25:35"},{"activityName":"第六章","apExpect":11.015,"itemId":"30012","itemType":"固源岩组","knockRating":1.634,"sampleConfidence":99.9,"sampleSize":1462,"secondary":"1","secondaryId":"1","spm":"5.32","stageCode":"S6-2","stageColor":2,"stageEfficiency":36.4,"stageState":0,"updateTime":"2022-11-03 11:25:35"},{"activityName":"第五章","apExpect":11.355,"itemId":"30012","knockRating":1.849,"sampleConfidence":99.9,"sampleSize":33166,"secondary":"1","secondaryId":"1","spm":"3.74","stageCode":"5-10","stageColor":2,"stageEfficiency":91.2,"stageState":0,"updateTime":"2022-11-03 11:25:35"},{"activityName":"第七章","apExpect":17.52,"itemId":"30012","knockRating":1.027,"sampleConfidence":99.9,"sampleSize":40178,"secondary":"1","secondaryId":"1","spm":"5.54","stageCode":"7-16","stageColor":2,"stageEfficiency":91.7,"stageState":0,"updateTime":"2022-11-03 11:25:35"},{"activityName":"第一章","apExpect":24.093,"itemId":"30012","itemType":"固源岩组","knockRating":1.245,"sampleConfidence":99.9,"sampleSize":29031645,"secondary":"基础作战记录","secondaryId":"2001","spm":"3.05","stageCode":"1-7","stageColor":3,"stageEfficiency":100.0,"stageEfficiencyEx":139.0,"stageState":0,"updateTime":"2022-11-03 11:25:35"}],[{"activityName":"第三章","apExpect":12.304,"itemId":"30042","itemType":"异铁组","knockRating":1.219,"sampleConfidence":99.9,"sampleSize":35049,"secondary":"1","secondaryId":"1","spm":"4.33","stageCode":"S3-3","stageColor":2,"stageEfficiency":77.5,"stageState":0,"updateTime":"2022-11-03 11:25:35"},{"activityName":"愚人号·插曲","apExpect":12.671,"itemId":"30042","knockRating":0.71,"sampleConfidence":99.9,"sampleSize":535,"secondary":"1","secondaryId":"1","spm":"4.12","stageCode":"SN-2","stageColor":2,"stageEfficiency":68.6,"stageState":0,"updateTime":"2022-11-03 11:25:35"},{"activityName":"骑兵与猎人·别传","apExpect":13.174,"itemId":"30042","knockRating":0.683,"sampleConfidence":0.0,"sampleSize":303,"secondary":"1","secondaryId":"1","spm":"3.67","stageCode":"GT-2","stageColor":2,"stageEfficiency":72.5,"stageState":0,"updateTime":"2022-11-03 11:25:35"},{"activityName":"第二章","apExpect":13.476,"itemId":"30042","itemType":"异铁组","knockRating":0.668,"sampleConfidence":99.9,"sampleSize":3432,"secondary":"1","secondaryId":"1","spm":"2.93","stageCode":"2-1","stageColor":2,"stageEfficiency":71.6,"stageState":0,"updateTime":"2022-11-03 11:25:35"},{"activityName":"第八章","apExpect":19.505,"itemId":"30042","knockRating":1.077,"sampleConfidence":99.9,"sampleSize":6486,"secondary":"1","secondaryId":"1","spm":"8.03","stageCode":"M8-7","stageColor":2,"stageEfficiency":93.5,"stageState":0,"updateTime":"2022-11-03 11:25:35"},{"activityName":"第五章","apExpect":19.699,"itemId":"30042","knockRating":1.066,"sampleConfidence":99.9,"sampleSize":17373,"secondary":"1","secondaryId":"1","spm":"6.89","stageCode":"5-7","stageColor":2,"stageEfficiency":89.2,"stageState":0,"updateTime":"2022-11-03 11:25:35"},{"activityName":"第十一章标准","apExpect":20.333,"itemId":"30042","knockRating":1.033,"sampleConfidence":93.4,"sampleSize":1097,"secondary":"1","secondaryId":"1","spm":"6.09","stageCode":"11-6","stageColor":2,"stageEfficiency":94.1,"stageState":0,"updateTime":"2022-11-03 11:25:35"},{"activityName":"第六章","apExpect":20.826,"itemId":"30042","knockRating":0.864,"sampleConfidence":0.0,"sampleSize":280,"secondary":"1","secondaryId":"1","spm":"5.9","stageCode":"6-1","stageColor":2,"stageEfficiency":37.7,"stageState":0,"updateTime":"2022-11-03 11:25:35"},{"activityName":"第七章","apExpect":21.743,"itemId":"30042","knockRating":0.828,"sampleConfidence":0.0,"sampleSize":244,"secondary":"1","secondaryId":"1","spm":"5.43","stageCode":"7-11","stageColor":2,"stageEfficiency":49.2,"stageState":0,"updateTime":"2022-11-03 11:25:35"},{"activityName":"叙拉古人","apExpect":27.065,"itemId":"30042","knockRating":0.443,"sampleConfidence":99.9,"sampleSize":8257,"secondary":"1","secondaryId":"1","spm":"4.68","stageCode":"IS-4","stageColor":2,"stageEfficiency":79.1,"stageState":1,"updateTime":"2022-11-03 11:25:35"},{"activityName":"第九章","apExpect":36.798,"itemId":"30042","knockRating":0.489,"sampleConfidence":99.9,"sampleSize":11765,"secondary":"1","secondaryId":"1","spm":"4.95","stageCode":"9-16","stageColor":2,"stageEfficiency":89.2,"stageState":0,"updateTime":"2022-11-03 11:25:35"}],[{"activityName":"第三章","apExpect":9.839,"itemId":"30022","itemType":"糖组","knockRating":1.525,"sampleConfidence":99.9,"sampleSize":8003,"secondary":"1","secondaryId":"1","spm":"6.92","stageCode":"S3-1","stageColor":2,"stageEfficiency":79.6,"stageState":0,"updateTime":"2022-11-03 11:25:35"},{"activityName":"第二章","apExpect":10.845,"itemId":"30022","knockRating":0.83,"sampleConfidence":0.0,"sampleSize":2963,"secondary":"1","secondaryId":"1","spm":"3.24","stageCode":"2-2","stageColor":2,"stageEfficiency":74.1,"stageState":0,"updateTime":"2022-11-03 11:25:35"},{"activityName":"第七章","apExpect":15.702,"itemId":"30022","knockRating":1.146,"sampleConfidence":0.0,"sampleSize":205,"secondary":"1","secondaryId":"1","spm":"4.64","stageCode":"7-3","stageColor":2,"stageEfficiency":41.3,"stageState":0,"updateTime":"2022-11-03 11:25:35"},{"activityName":"第五章","apExpect":16.169,"itemId":"30022","itemType":"糖组","knockRating":1.113,"sampleConfidence":99.9,"sampleSize":212,"secondary":"1","secondaryId":"1","spm":"5.87","stageCode":"S5-4","stageColor":2,"stageEfficiency":52.7,"stageState":0,"updateTime":"2022-11-03 11:25:35"},{"activityName":"第十一章标准","apExpect":16.768,"itemId":"30022","knockRating":1.252,"sampleConfidence":93.2,"sampleSize":1343,"secondary":"1","secondaryId":"1","spm":"6.63","stageCode":"11-2","stageColor":2,"stageEfficiency":93.4,"stageState":0,"updateTime":"2022-11-03 11:25:35"},{"activityName":"第五章","apExpect":21.143,"itemId":"30022","knockRating":0.851,"sampleConfidence":99.9,"sampleSize":16480,"secondary":"1","secondaryId":"1","spm":"4.95","stageCode":"5-3","stageColor":2,"stageEfficiency":91.7,"stageState":0,"updateTime":"2022-11-03 11:25:35"},{"activityName":"叙拉古人","apExpect":21.523,"itemId":"30022","itemType":"糖组","knockRating":0.697,"sampleConfidence":99.9,"sampleSize":650,"secondary":"1","secondaryId":"1","spm":"5.23","stageCode":"IS-6","stageColor":2,"stageEfficiency":82.0,"stageState":1,"updateTime":"2022-11-03 11:25:35"},{"activityName":"第七章","apExpect":24.807,"itemId":"30022","knockRating":0.726,"sampleConfidence":99.9,"sampleSize":31455,"secondary":"1","secondaryId":"1","spm":"5.17","stageCode":"7-6","stageColor":2,"stageEfficiency":85.1,"stageState":0,"updateTime":"2022-11-03 11:25:35"}],[{"activityName":"第三章","apExpect":12.248,"itemId":"30052","itemType":"酮凝集组","knockRating":1.225,"sampleConfidence":99.9,"sampleSize":13883,"secondary":"1","secondaryId":"1","spm":"3.77","stageCode":"3-7","stageColor":2,"stageEfficiency":77.8,"stageState":0,"updateTime":"2022-11-03 11:25:35"},{"activityName":"第十章标准","apExpect":12.729,"itemId":"30052","itemType":"酮凝集组","knockRating":1.65,"sampleConfidence":99.9,"sampleSize":1008,"secondary":"1","secondaryId":"1","spm":"7.0","stageCode":"10-9","stageColor":2,"stageEfficiency":82.7,"stageState":0,"updateTime":"2022-11-03 11:25:35"},{"activityName":"第二章","apExpect":13.184,"itemId":"30052","itemType":"酮凝集组","knockRating":0.683,"sampleConfidence":99.9,"sampleSize":2354,"secondary":"1","secondaryId":"1","spm":"4.78","stageCode":"S2-1","stageColor":2,"stageEfficiency":73.0,"stageState":0,"updateTime":"2022-11-03 11:25:35"},{"activityName":"叙拉古人","apExpect":13.395,"itemId":"30052","knockRating":0.896,"sampleConfidence":98.0,"sampleSize":336,"secondary":"1","secondaryId":"1","spm":"3.79","stageCode":"IS-5","stageColor":2,"stageEfficiency":81.7,"stageState":1,"updateTime":"2022-11-03 11:25:35"},{"activityName":"第七章","apExpect":19.529,"itemId":"30052","knockRating":1.075,"sampleConfidence":99.9,"sampleSize":12130,"secondary":"1","secondaryId":"1","spm":"5.55","stageCode":"7-18","stageColor":2,"stageEfficiency":89.2,"stageState":0,"updateTime":"2022-11-03 11:25:35"},{"activityName":"第七章","apExpect":20.831,"itemId":"30052","knockRating":0.864,"sampleConfidence":99.4,"sampleSize":3355,"secondary":"1","secondaryId":"1","spm":"4.78","stageCode":"7-12","stageColor":2,"stageEfficiency":90.1,"stageState":0,"updateTime":"2022-11-03 11:25:35"},{"activityName":"第六章","apExpect":20.94,"itemId":"30052","knockRating":1.003,"sampleConfidence":99.9,"sampleSize":11564,"secondary":"1","secondaryId":"1","spm":"4.04","stageCode":"6-16","stageColor":2,"stageEfficiency":92.5,"stageState":0,"updateTime":"2022-11-03 11:25:35"},{"activityName":"第八章","apExpect":21.242,"itemId":"30052","knockRating":0.847,"sampleConfidence":85.8,"sampleSize":1507,"secondary":"1","secondaryId":"1","spm":"3.86","stageCode":"R8-8","stageColor":2,"stageEfficiency":90.3,"stageState":0,"updateTime":"2022-11-03 11:25:35"},{"activityName":"叙拉古人","apExpect":28.302,"itemId":"30052","knockRating":0.53,"sampleConfidence":99.9,"sampleSize":1717,"secondary":"1","secondaryId":"1","spm":"4.97","stageCode":"IS-7","stageColor":2,"stageEfficiency":80.5,"stageState":1,"updateTime":"2022-11-03 11:25:35"}],[{"activityName":"第二章","apExpect":8.131,"itemId":"30061","knockRating":1.476,"sampleConfidence":0.0,"sampleSize":2991,"secondary":"1","secondaryId":"1","spm":"3.29","stageCode":"2-3","stageColor":2,"stageEfficiency":59.2,"stageState":0,"updateTime":"2022-11-03 11:25:35"},{"activityName":"第一章","apExpect":8.73,"itemId":"30061","itemType":"全新装置","knockRating":0.687,"sampleConfidence":99.9,"sampleSize":710,"secondary":"1","secondaryId":"1","spm":"2.18","stageCode":"1-5","stageColor":2,"stageEfficiency":53.8,"stageState":0,"updateTime":"2022-11-03 11:25:35"},{"activityName":"叙拉古人","apExpect":31.895,"itemId":"30061","knockRating":0.282,"sampleConfidence":99.9,"sampleSize":202,"secondary":"1","secondaryId":"1","spm":"4.86","stageCode":"IS-3","stageColor":2,"stageEfficiency":55.3,"stageState":1,"updateTime":"2022-11-03 11:25:35"},{"activityName":"叙拉古人","apExpect":35.684,"itemId":"30061","knockRating":0.252,"sampleConfidence":99.9,"sampleSize":226,"secondary":"1","secondaryId":"1","spm":"2.93","stageCode":"IS-2","stageColor":2,"stageEfficiency":56.4,"stageState":1,"updateTime":"2022-11-03 11:25:35"},{"activityName":"叙拉古人","apExpect":36.094,"itemId":"30061","knockRating":0.249,"sampleConfidence":99.9,"sampleSize":766,"secondary":"1","secondaryId":"1","spm":"4.76","stageCode":"IS-1","stageColor":2,"stageEfficiency":56.5,"stageState":1,"updateTime":"2022-11-03 11:25:35"}],[{"activityName":"第二章","apExpect":4.747,"itemId":"30031","itemType":"聚酸酯组","knockRating":2.528,"sampleConfidence":99.9,"sampleSize":589,"secondary":"1","secondaryId":"1","spm":"4.34","stageCode":"S2-7","stageColor":2,"stageEfficiency":60.2,"stageState":0,"updateTime":"2022-11-03 11:25:35"},{"activityName":"序章","apExpect":5.256,"itemId":"30031","itemType":"聚酸酯组","knockRating":1.142,"sampleConfidence":99.9,"sampleSize":699,"secondary":"1","secondaryId":"1","spm":"3.5","stageCode":"0-11","stageColor":2,"stageEfficiency":54.3,"stageState":0,"updateTime":"2022-11-03 11:25:35"},{"activityName":"叙拉古人","apExpect":20.755,"itemId":"30031","knockRating":0.434,"sampleConfidence":99.9,"sampleSize":226,"secondary":"1","secondaryId":"1","spm":"2.93","stageCode":"IS-2","stageColor":2,"stageEfficiency":56.4,"stageState":1,"updateTime":"2022-11-03 11:25:35"},{"activityName":"叙拉古人","apExpect":21.679,"itemId":"30031","knockRating":0.415,"sampleConfidence":99.9,"sampleSize":766,"secondary":"1","secondaryId":"1","spm":"4.76","stageCode":"IS-1","stageColor":2,"stageEfficiency":56.5,"stageState":1,"updateTime":"2022-11-03 11:25:35"},{"activityName":"叙拉古人","apExpect":21.904,"itemId":"30031","knockRating":0.411,"sampleConfidence":99.9,"sampleSize":202,"secondary":"1","secondaryId":"1","spm":"4.86","stageCode":"IS-3","stageColor":2,"stageEfficiency":55.3,"stageState":1,"updateTime":"2022-11-03 11:25:35"},{"activityName":"第二章","apExpect":38.166,"itemId":"30031","knockRating":0.314,"sampleConfidence":99.9,"sampleSize":652,"secondary":"1","secondaryId":"1","spm":"4.19","stageCode":"S2-10","stageColor":2,"stageEfficiency":55.0,"stageState":0,"updateTime":"2022-11-03 11:25:35"},{"activityName":"第六章","apExpect":40.828,"itemId":"30031","knockRating":0.441,"sampleConfidence":98.0,"sampleSize":778,"secondary":"1","secondaryId":"1","spm":"6.0","stageCode":"S6-4","stageColor":2,"stageEfficiency":35.6,"stageState":0,"updateTime":"2022-11-03 11:25:35"},{"activityName":"第六章","apExpect":41.516,"itemId":"30031","knockRating":0.434,"sampleConfidence":99.9,"sampleSize":286,"secondary":"1","secondaryId":"1","spm":"6.28","stageCode":"S6-1","stageColor":2,"stageEfficiency":64.6,"stageState":0,"updateTime":"2022-11-03 11:25:35"},{"activityName":"画中人·别传","apExpect":41.973,"itemId":"30031","knockRating":0.429,"sampleConfidence":75.2,"sampleSize":520,"secondary":"1","secondaryId":"1","spm":"6.1","stageCode":"WR-9","stageColor":2,"stageEfficiency":87.1,"stageState":0,"updateTime":"2022-11-03 11:25:35"},{"activityName":"第五章","apExpect":42.247,"itemId":"30031","knockRating":0.426,"sampleConfidence":97.6,"sampleSize":2279,"secondary":"1","secondaryId":"1","spm":"6.14","stageCode":"5-4","stageColor":2,"stageEfficiency":74.2,"stageState":0,"updateTime":"2022-11-03 11:25:35"},{"activityName":"第六章","apExpect":42.407,"itemId":"30031","knockRating":0.424,"sampleConfidence":96.2,"sampleSize":2257,"secondary":"1","secondaryId":"1","spm":"6.2","stageCode":"6-10","stageColor":2,"stageEfficiency":72.4,"stageState":0,"updateTime":"2022-11-03 11:25:35"},{"activityName":"玛莉娅临光·别传","apExpect":42.457,"itemId":"30031","knockRating":0.424,"sampleConfidence":88.0,"sampleSize":2012,"secondary":"三水锰矿","secondaryId":"30084","spm":"6.47","stageCode":"MN-8","stageColor":2,"stageEfficiency":86.6,"stageState":0,"updateTime":"2022-11-03 11:25:35"},{"activityName":"第九章","apExpect":42.471,"itemId":"30031","knockRating":0.424,"sampleConfidence":78.0,"sampleSize":1352,"secondary":"聚酸酯块","secondaryId":"30034","spm":"6.14","stageCode":"9-7","stageColor":2,"stageEfficiency":88.1,"stageState":0,"updateTime":"2022-11-03 11:25:35"},{"activityName":"第七章","apExpect":42.518,"itemId":"30031","knockRating":0.423,"sampleConfidence":98.2,"sampleSize":2518,"secondary":"白马醇","secondaryId":"30074","spm":"5.07","stageCode":"7-5","stageColor":2,"stageEfficiency":96.3,"stageState":0,"updateTime":"2022-11-03 11:25:35"},{"activityName":"密林悍将归来·别传","apExpect":42.55,"itemId":"30031","knockRating":0.423,"sampleConfidence":93.4,"sampleSize":3482,"secondary":"1","secondaryId":"1","spm":"4.32","stageCode":"RI-8","stageColor":2,"stageEfficiency":95.6,"stageState":0,"updateTime":"2022-11-03 11:25:35"},{"activityName":"第九章","apExpect":42.64,"itemId":"30031","knockRating":0.422,"sampleConfidence":99.9,"sampleSize":5529,"secondary":"三水锰矿","secondaryId":"30084","spm":"6.0","stageCode":"9-15","stageColor":2,"stageEfficiency":91.8,"stageState":0,"updateTime":"2022-11-03 11:25:35"},{"activityName":"第八章","apExpect":42.72,"itemId":"30031","knockRating":0.421,"sampleConfidence":99.9,"sampleSize":10699,"secondary":"1","secondaryId":"1","spm":"5.22","stageCode":"R8-9","stageColor":2,"stageEfficiency":96.5,"stageState":0,"updateTime":"2022-11-03 11:25:35"},{"activityName":"生于黑夜·插曲","apExpect":42.794,"itemId":"30031","knockRating":0.421,"sampleConfidence":89.2,"sampleSize":1959,"secondary":"白马醇","secondaryId":"30074","spm":"6.14","stageCode":"DM-7","stageColor":2,"stageEfficiency":89.2,"stageState":0,"updateTime":"2022-11-03 11:25:35"},{"activityName":"第六章","apExpect":42.814,"itemId":"30031","knockRating":0.42,"sampleConfidence":99.6,"sampleSize":3663,"secondary":"聚酸酯块","secondaryId":"30034","spm":"6.97","stageCode":"6-4","stageColor":2,"stageEfficiency":93.4,"stageState":0,"updateTime":"2022-11-03 11:25:35"},{"activityName":"第七章","apExpect":43.035,"itemId":"30031","knockRating":0.418,"sampleConfidence":99.9,"sampleSize":9812,"secondary":"提纯源岩","secondaryId":"30014","spm":"6.17","stageCode":"7-2","stageColor":2,"stageEfficiency":86.4,"stageState":0,"updateTime":"2022-11-03 11:25:35"},{"activityName":"第九章","apExpect":43.101,"itemId":"30031","knockRating":0.418,"sampleConfidence":99.6,"sampleSize":4449,"secondary":"炽合金块","secondaryId":"31024","spm":"5.6","stageCode":"9-12","stageColor":2,"stageEfficiency":92.2,"stageState":0,"updateTime":"2022-11-03 11:25:35"},{"activityName":"第三章","apExpect":43.168,"itemId":"30031","knockRating":0.417,"sampleConfidence":99.9,"sampleSize":12653,"secondary":"聚酸酯块","secondaryId":"30034","spm":"5.27","stageCode":"3-8","stageColor":2,"stageEfficiency":94.1,"stageState":0,"updateTime":"2022-11-03 11:25:35"},{"activityName":"第五章","apExpect":43.257,"itemId":"30031","knockRating":0.416,"sampleConfidence":99.9,"sampleSize":9293,"secondary":"聚合凝胶","secondaryId":"31014","spm":"7.3","stageCode":"S5-7","stageColor":2,"stageEfficiency":92.4,"stageState":0,"updateTime":"2022-11-03 11:25:35"},{"activityName":"第八章","apExpect":43.283,"itemId":"30031","knockRating":0.416,"sampleConfidence":99.9,"sampleSize":7714,"secondary":"提纯源岩","secondaryId":"30014","spm":"6.39","stageCode":"R8-3","stageColor":2,"stageEfficiency":88.1,"stageState":0,"updateTime":"2022-11-03 11:25:35"},{"activityName":"第八章","apExpect":43.513,"itemId":"30031","knockRating":0.414,"sampleConfidence":99.9,"sampleSize":5485,"secondary":"三水锰矿","secondaryId":"30084","spm":"6.17","stageCode":"R8-10","stageColor":2,"stageEfficiency":93.9,"stageState":0,"updateTime":"2022-11-03 11:25:35"},{"activityName":"沃伦姆德的薄暮·别传","apExpect":43.514,"itemId":"30031","knockRating":0.414,"sampleConfidence":89.0,"sampleSize":2299,"secondary":"酮阵列","secondaryId":"30054","spm":"6.39","stageCode":"TW-7","stageColor":2,"stageEfficiency":88.6,"stageState":0,"updateTime":"2022-11-03 11:25:35"},{"activityName":"第二章","apExpect":43.58,"itemId":"30031","knockRating":0.275,"sampleConfidence":99.9,"sampleSize":13539,"secondary":"1","secondaryId":"1","spm":"4.83","stageCode":"2-4","stageColor":2,"stageEfficiency":85.4,"stageState":0,"updateTime":"2022-11-03 11:25:35"},{"activityName":"第四章","apExpect":43.674,"itemId":"30031","knockRating":0.412,"sampleConfidence":99.9,"sampleSize":45503,"secondary":"酮阵列","secondaryId":"30054","spm":"6.24","stageCode":"4-5","stageColor":2,"stageEfficiency":95.4,"stageState":0,"updateTime":"2022-11-03 11:25:35"},{"activityName":"第九章","apExpect":43.714,"itemId":"30031","knockRating":0.412,"sampleConfidence":99.9,"sampleSize":25065,"secondary":"切削原液","secondaryId":"31054","spm":"4.68","stageCode":"9-6","stageColor":2,"stageEfficiency":95.0,"stageState":0,"updateTime":"2022-11-03 11:25:35"},{"activityName":"第七章","apExpect":43.729,"itemId":"30031","knockRating":0.412,"sampleConfidence":99.9,"sampleSize":37456,"secondary":"1","secondaryId":"1","spm":"6.35","stageCode":"7-10","stageColor":2,"stageEfficiency":97.2,"stageState":0,"updateTime":"2022-11-03 11:25:35"},{"activityName":"第六章","apExpect":43.779,"itemId":"30031","knockRating":0.411,"sampleConfidence":99.9,"sampleSize":18499,"secondary":"三水锰矿","secondaryId":"30084","spm":"5.24","stageCode":"6-2","stageColor":2,"stageEfficiency":93.4,"stageState":0,"updateTime":"2022-11-03 11:25:35"},{"activityName":"遗尘漫步·插曲","apExpect":43.788,"itemId":"30031","knockRating":0.411,"sampleConfidence":81.0,"sampleSize":939,"secondary":"酮阵列","secondaryId":"30054","spm":"5.87","stageCode":"WD-7","stageColor":2,"stageEfficiency":94.7,"stageState":0,"updateTime":"2022-11-03 11:25:35"},{"activityName":"第五章","apExpect":43.873,"itemId":"30031","knockRating":0.41,"sampleConfidence":99.9,"sampleSize":13123,"secondary":"酮阵列","secondaryId":"30054","spm":"5.74","stageCode":"5-8","stageColor":2,"stageEfficiency":92.9,"stageState":0,"updateTime":"2022-11-03 11:25:35"},{"activityName":"第九章","apExpect":43.909,"itemId":"30031","knockRating":0.41,"sampleConfidence":0.0,"sampleSize":966,"secondary":"1","secondaryId":"1","spm":"null","stageCode":"9-2","stageColor":2,"stageEfficiency":38.6,"stageState":0,"updateTime":"2022-11-03 11:25:35"},{"activityName":"第二章","apExpect":44.366,"itemId":"30031","knockRating":0.27,"sampleConfidence":0.0,"sampleSize":2991,"secondary":"1","secondaryId":"1","spm":"3.29","stageCode":"2-3","stageColor":2,"stageEfficiency":59.2,"stageState":0,"updateTime":"2022-11-03 11:25:35"},{"activityName":"第二章","apExpect":44.513,"itemId":"30031","knockRating":0.27,"sampleConfidence":99.9,"sampleSize":13135,"secondary":"1","secondaryId":"1","spm":"3.73","stageCode":"2-9","stageColor":2,"stageEfficiency":77.2,"stageState":0,"updateTime":"2022-11-03 11:25:35"},{"activityName":"孤岛风云·别传","apExpect":44.765,"itemId":"30031","knockRating":0.268,"sampleConfidence":0.0,"sampleSize":1384,"secondary":"1","secondaryId":"1","spm":"4.16","stageCode":"MB-3","stageColor":2,"stageEfficiency":55.3,"stageState":0,"updateTime":"2022-11-03 11:25:35"},{"activityName":"第七章","apExpect":45.169,"itemId":"30031","knockRating":0.399,"sampleConfidence":95.2,"sampleSize":2138,"secondary":"1","secondaryId":"1","spm":"5.51","stageCode":"7-14","stageColor":2,"stageEfficiency":75.4,"stageState":0,"updateTime":"2022-11-03 11:25:35"},{"activityName":"第二章","apExpect":45.212,"itemId":"30031","knockRating":0.265,"sampleConfidence":99.9,"sampleSize":10007,"secondary":"1","secondaryId":"1","spm":"4.14","stageCode":"2-6","stageColor":2,"stageEfficiency":91.8,"stageState":0,"updateTime":"2022-11-03 11:25:35"},{"activityName":"第二章","apExpect":46.198,"itemId":"30031","knockRating":0.26,"sampleConfidence":99.9,"sampleSize":1051,"secondary":"1","secondaryId":"1","spm":"4.04","stageCode":"S2-5","stageColor":2,"stageEfficiency":57.2,"stageState":0,"updateTime":"2022-11-03 11:25:35"},{"activityName":"覆潮之下·插曲","apExpect":46.349,"itemId":"30031","knockRating":0.259,"sampleConfidence":0.0,"sampleSize":421,"secondary":"1","secondaryId":"1","spm":"3.38","stageCode":"SV-4","stageColor":2,"stageEfficiency":58.0,"stageState":0,"updateTime":"2022-11-03 11:25:35"},{"activityName":"第四章","apExpect":47.415,"itemId":"30031","knockRating":0.38,"sampleConfidence":85.6,"sampleSize":216,"secondary":"1","secondaryId":"1","spm":"7.2","stageCode":"S4-5","stageColor":2,"stageEfficiency":31.9,"stageState":0,"updateTime":"2022-11-03 11:25:35"},{"activityName":"第六章","apExpect":49.401,"itemId":"30031","knockRating":0.364,"sampleConfidence":99.2,"sampleSize":5865,"secondary":"RMA70-24","secondaryId":"30104","spm":"5.87","stageCode":"6-15","stageColor":2,"stageEfficiency":83.2,"stageState":0,"updateTime":"2022-11-03 11:25:35"},{"activityName":"第七章","apExpect":49.888,"itemId":"30031","knockRating":0.421,"sampleConfidence":99.9,"sampleSize":10303,"secondary":"改量装置","secondaryId":"30064","spm":"6.09","stageCode":"7-9","stageColor":2,"stageEfficiency":93.6,"stageState":0,"updateTime":"2022-11-03 11:25:35"}],[{"activityName":"第二章","apExpect":3.238,"itemId":"30011","itemType":"固源岩组","knockRating":3.706,"sampleConfidence":99.9,"sampleSize":1051,"secondary":"1","secondaryId":"1","spm":"4.04","stageCode":"S2-5","stageColor":2,"stageEfficiency":57.2,"stageState":0,"updateTime":"2022-11-03 11:25:35"},{"activityName":"序章","apExpect":3.562,"itemId":"30011","itemType":"固源岩组","knockRating":1.684,"sampleConfidence":99.9,"sampleSize":1521,"secondary":"1","secondaryId":"1","spm":"3.53","stageCode":"0-9","stageColor":2,"stageEfficiency":51.6,"stageState":0,"updateTime":"2022-11-03 11:25:35"},{"activityName":"叙拉古人","apExpect":13.56,"itemId":"30011","itemType":"固源岩组","knockRating":0.664,"sampleConfidence":99.9,"sampleSize":226,"secondary":"1","secondaryId":"1","spm":"2.93","stageCode":"IS-2","stageColor":2,"stageEfficiency":56.4,"stageState":1,"updateTime":"2022-11-03 11:25:35"},{"activityName":"叙拉古人","apExpect":14.098,"itemId":"30011","itemType":"固源岩组","knockRating":0.638,"sampleConfidence":99.9,"sampleSize":766,"secondary":"1","secondaryId":"1","spm":"4.76","stageCode":"IS-1","stageColor":2,"stageEfficiency":56.5,"stageState":1,"updateTime":"2022-11-03 11:25:35"},{"activityName":"叙拉古人","apExpect":14.203,"itemId":"30011","itemType":"固源岩组","knockRating":0.634,"sampleConfidence":99.9,"sampleSize":202,"secondary":"1","secondaryId":"1","spm":"4.86","stageCode":"IS-3","stageColor":2,"stageEfficiency":55.3,"stageState":1,"updateTime":"2022-11-03 11:25:35"},{"activityName":"覆潮之下·插曲","apExpect":27.912,"itemId":"30011","knockRating":0.43,"sampleConfidence":0.0,"sampleSize":421,"secondary":"1","secondaryId":"1","spm":"3.38","stageCode":"SV-4","stageColor":2,"stageEfficiency":58.0,"stageState":0,"updateTime":"2022-11-03 11:25:35"},{"activityName":"第二章","apExpect":28.763,"itemId":"30011","knockRating":0.417,"sampleConfidence":99.9,"sampleSize":13135,"secondary":"1","secondaryId":"1","spm":"3.73","stageCode":"2-9","stageColor":2,"stageEfficiency":77.2,"stageState":0,"updateTime":"2022-11-03 11:25:35"},{"activityName":"第二章","apExpect":29.09,"itemId":"30011","knockRating":0.413,"sampleConfidence":99.9,"sampleSize":13539,"secondary":"1","secondaryId":"1","spm":"4.83","stageCode":"2-4","stageColor":2,"stageEfficiency":85.4,"stageState":0,"updateTime":"2022-11-03 11:25:35"},{"activityName":"第二章","apExpect":29.246,"itemId":"30011","knockRating":0.41,"sampleConfidence":99.9,"sampleSize":10007,"secondary":"1","secondaryId":"1","spm":"4.14","stageCode":"2-6","stageColor":2,"stageEfficiency":91.8,"stageState":0,"updateTime":"2022-11-03 11:25:35"},{"activityName":"第二章","apExpect":29.3,"itemId":"30011","knockRating":0.41,"sampleConfidence":0.0,"sampleSize":2991,"secondary":"1","secondaryId":"1","spm":"3.29","stageCode":"2-3","stageColor":2,"stageEfficiency":59.2,"stageState":0,"updateTime":"2022-11-03 11:25:35"},{"activityName":"孤岛风云·别传","apExpect":29.657,"itemId":"30011","knockRating":0.405,"sampleConfidence":0.0,"sampleSize":1384,"secondary":"1","secondaryId":"1","spm":"4.16","stageCode":"MB-3","stageColor":2,"stageEfficiency":55.3,"stageState":0,"updateTime":"2022-11-03 11:25:35"},{"activityName":"第二章","apExpect":31.982,"itemId":"30011","knockRating":0.375,"sampleConfidence":99.9,"sampleSize":589,"secondary":"1","secondaryId":"1","spm":"4.34","stageCode":"S2-7","stageColor":2,"stageEfficiency":60.2,"stageState":0,"updateTime":"2022-11-03 11:25:35"},{"activityName":"第二章","apExpect":32.198,"itemId":"30011","knockRating":0.373,"sampleConfidence":99.9,"sampleSize":652,"secondary":"1","secondaryId":"1","spm":"4.19","stageCode":"S2-10","stageColor":2,"stageEfficiency":55.0,"stageState":0,"updateTime":"2022-11-03 11:25:35"}],[{"activityName":"第二章","apExpect":6.125,"itemId":"30041","itemType":"异铁组","knockRating":1.959,"sampleConfidence":99.9,"sampleSize":1937,"secondary":"1","secondaryId":"1","spm":"6.55","stageCode":"S2-8","stageColor":2,"stageEfficiency":59.7,"stageState":0,"updateTime":"2022-11-03 11:25:35"},{"activityName":"第一章","apExpect":6.635,"itemId":"30041","itemType":"异铁组","knockRating":0.904,"sampleConfidence":99.9,"sampleSize":826,"secondary":"1","secondaryId":"1","spm":"3.21","stageCode":"1-3","stageColor":2,"stageEfficiency":53.5,"stageState":0,"updateTime":"2022-11-03 11:25:35"},{"activityName":"覆潮之下·插曲","apExpect":6.781,"itemId":"30041","knockRating":1.77,"sampleConfidence":0.0,"sampleSize":421,"secondary":"1","secondaryId":"1","spm":"3.38","stageCode":"SV-4","stageColor":2,"stageEfficiency":58.0,"stageState":0,"updateTime":"2022-11-03 11:25:35"},{"activityName":"叙拉古人","apExpect":25.606,"itemId":"30041","knockRating":0.351,"sampleConfidence":99.9,"sampleSize":202,"secondary":"1","secondaryId":"1","spm":"4.86","stageCode":"IS-3","stageColor":2,"stageEfficiency":55.3,"stageState":1,"updateTime":"2022-11-03 11:25:35"},{"activityName":"叙拉古人","apExpect":28.606,"itemId":"30041","knockRating":0.315,"sampleConfidence":99.9,"sampleSize":766,"secondary":"1","secondaryId":"1","spm":"4.76","stageCode":"IS-1","stageColor":2,"stageEfficiency":56.5,"stageState":1,"updateTime":"2022-11-03 11:25:35"},{"activityName":"叙拉古人","apExpect":30.358,"itemId":"30041","knockRating":0.296,"sampleConfidence":99.9,"sampleSize":226,"secondary":"1","secondaryId":"1","spm":"2.93","stageCode":"IS-2","stageColor":2,"stageEfficiency":56.4,"stageState":1,"updateTime":"2022-11-03 11:25:35"},{"activityName":"骑兵与猎人·别传","apExpect":49.039,"itemId":"30041","knockRating":0.245,"sampleConfidence":0.0,"sampleSize":519,"secondary":"1","secondaryId":"1","spm":"4.34","stageCode":"GT-4","stageColor":2,"stageEfficiency":63.2,"stageState":0,"updateTime":"2022-11-03 11:25:35"}],[{"activityName":"骑兵与猎人·别传","apExpect":4.7,"itemId":"30021","knockRating":2.553,"sampleConfidence":0.0,"sampleSize":519,"secondary":"1","secondaryId":"1","spm":"4.34","stageCode":"GT-4","stageColor":2,"stageEfficiency":63.2,"stageState":0,"updateTime":"2022-11-03 11:25:35"},{"activityName":"第二章","apExpect":4.823,"itemId":"30021","itemType":"糖组","knockRating":2.488,"sampleConfidence":99.9,"sampleSize":1111,"secondary":"1","secondaryId":"1","spm":"5.07","stageCode":"S2-6","stageColor":2,"stageEfficiency":61.3,"stageState":0,"updateTime":"2022-11-03 11:25:35"},{"activityName":"序章","apExpect":5.297,"itemId":"30021","itemType":"糖组","knockRating":1.133,"sampleConfidence":99.9,"sampleSize":1297,"secondary":"1","secondaryId":"1","spm":"3.91","stageCode":"0-7","stageColor":2,"stageEfficiency":55.1,"stageState":0,"updateTime":"2022-11-03 11:25:35"},{"activityName":"叙拉古人","apExpect":22.239,"itemId":"30021","knockRating":0.405,"sampleConfidence":99.9,"sampleSize":766,"secondary":"1","secondaryId":"1","spm":"4.76","stageCode":"IS-1","stageColor":2,"stageEfficiency":56.5,"stageState":1,"updateTime":"2022-11-03 11:25:35"},{"activityName":"叙拉古人","apExpect":23.013,"itemId":"30021","knockRating":0.391,"sampleConfidence":99.9,"sampleSize":202,"secondary":"1","secondaryId":"1","spm":"4.86","stageCode":"IS-3","stageColor":2,"stageEfficiency":55.3,"stageState":1,"updateTime":"2022-11-03 11:25:35"},{"activityName":"叙拉古人","apExpect":24.805,"itemId":"30021","knockRating":0.363,"sampleConfidence":99.9,"sampleSize":226,"secondary":"1","secondaryId":"1","spm":"2.93","stageCode":"IS-2","stageColor":2,"stageEfficiency":56.4,"stageState":1,"updateTime":"2022-11-03 11:25:35"},{"activityName":"第二章","apExpect":43.891,"itemId":"30021","knockRating":0.273,"sampleConfidence":99.9,"sampleSize":940,"secondary":"1","secondaryId":"1","spm":"4.09","stageCode":"2-7","stageColor":2,"stageEfficiency":25.7,"stageState":0,"updateTime":"2022-11-03 11:25:35"},{"activityName":"第二章","apExpect":44.965,"itemId":"30021","knockRating":0.267,"sampleConfidence":99.9,"sampleSize":1274,"secondary":"1","secondaryId":"1","spm":"5.07","stageCode":"S2-9","stageColor":2,"stageEfficiency":59.6,"stageState":0,"updateTime":"2022-11-03 11:25:35"},{"activityName":"第二章","apExpect":46.958,"itemId":"30021","knockRating":0.256,"sampleConfidence":99.9,"sampleSize":1937,"secondary":"1","secondaryId":"1","spm":"6.55","stageCode":"S2-8","stageColor":2,"stageEfficiency":59.7,"stageState":0,"updateTime":"2022-11-03 11:25:35"},{"activityName":"第二章","apExpect":46.963,"itemId":"30021","knockRating":0.256,"sampleConfidence":99.9,"sampleSize":19470,"secondary":"1","secondaryId":"1","spm":"4.22","stageCode":"2-5","stageColor":2,"stageEfficiency":94.8,"stageState":0,"updateTime":"2022-11-03 11:25:35"},{"activityName":"第二章","apExpect":47.106,"itemId":"30021","knockRating":0.255,"sampleConfidence":99.9,"sampleSize":10379,"secondary":"1","secondaryId":"1","spm":"3.85","stageCode":"2-8","stageColor":2,"stageEfficiency":75.1,"stageState":0,"updateTime":"2022-11-03 11:25:35"}],[{"activityName":"第二章","apExpect":6.007,"itemId":"30051","itemType":"酮凝集组","knockRating":1.998,"sampleConfidence":99.9,"sampleSize":1274,"secondary":"1","secondaryId":"1","spm":"5.07","stageCode":"S2-9","stageColor":2,"stageEfficiency":59.6,"stageState":0,"updateTime":"2022-11-03 11:25:35"},{"activityName":"第一章","apExpect":6.649,"itemId":"30051","itemType":"酮凝集组","knockRating":0.902,"sampleConfidence":99.9,"sampleSize":1147,"secondary":"1","secondaryId":"1","spm":"2.07","stageCode":"1-6","stageColor":2,"stageEfficiency":52.4,"stageState":0,"updateTime":"2022-11-03 11:25:35"},{"activityName":"孤岛风云·别传","apExpect":6.673,"itemId":"30051","knockRating":1.798,"sampleConfidence":0.0,"sampleSize":1384,"secondary":"1","secondaryId":"1","spm":"4.16","stageCode":"MB-3","stageColor":2,"stageEfficiency":55.3,"stageState":0,"updateTime":"2022-11-03 11:25:35"},{"activityName":"叙拉古人","apExpect":23.651,"itemId":"30051","knockRating":0.381,"sampleConfidence":99.9,"sampleSize":226,"secondary":"1","secondaryId":"1","spm":"2.93","stageCode":"IS-2","stageColor":2,"stageEfficiency":56.4,"stageState":1,"updateTime":"2022-11-03 11:25:35"},{"activityName":"叙拉古人","apExpect":24.978,"itemId":"30051","knockRating":0.36,"sampleConfidence":99.9,"sampleSize":766,"secondary":"1","secondaryId":"1","spm":"4.76","stageCode":"IS-1","stageColor":2,"stageEfficiency":56.5,"stageState":1,"updateTime":"2022-11-03 11:25:35"},{"activityName":"叙拉古人","apExpect":35.647,"itemId":"30051","knockRating":0.252,"sampleConfidence":99.9,"sampleSize":202,"secondary":"1","secondaryId":"1","spm":"4.86","stageCode":"IS-3","stageColor":2,"stageEfficiency":55.3,"stageState":1,"updateTime":"2022-11-03 11:25:35"}]]