[[{"activityName":"第九章","apExpect":54.181,"itemId":"30063","itemType":"全新装置","knockRating":0.332,"sampleConfidence":99.9,"sampleSize":66895,"secondary":"1","secondaryId":"1","spm":"5.29","stageCode":"9-10","stageColor":3,"stageEfficiency":100.0,"stageEfficiencyEx":126.1,"stageState":0,"updateTime":"2022-11-03 12:08:06"},{"activityName":"第七章","apExpect":54.186,"itemId":"30063","itemType":"全新装置","knockRating":0.332,"sampleConfidence":99.9,"sampleSize":97384,"secondary":"1","secondaryId":"1","spm":"5.4","stageCode":"7-15","stageColor":2,"stageEfficiency":99.9,"stageEfficiencyEx":124.6,"stageState":0,"updateTime":"2022-11-03 12:08:06"},{"activityName":"第十一章标准","apExpect":51.98,"itemId":"30063","itemType":"全新装置","knockRating":0.404,"sampleConfidence":99.9,"sampleSize":14532,"secondary":"1","secondaryId":"1","spm":"6.27","stageCode":"11-7","stageColor":1,"stageEfficiency":98.6,"stageEfficiencyEx":123.4,"stageState":0,"updateTime":"2022-11-03 12:08:06"},{"activityName":"第四章","apExpect":70.578,"itemId":"30063","itemType":"全新装置","knockRating":0.298,"sampleConfidence":99.9,"sampleSize":33313,"secondary":"改量装置","secondaryId":"30064","spm":"5.24","stageCode":"4-10","stageColor":2,"stageEfficiency":94.5,"stageEfficiencyEx":119.7,"stageState":0,"updateTime":"2022-11-03 12:08:06"},{"activityName":"第十一章标准","apExpect":76.315,"itemId":"30063","itemType":"全新装置","knockRating":0.314,"sampleConfidence":99.9,"sampleSize":7075,"secondary":"改量装置","secondaryId":"30064","spm":"7.66","stageCode":"11-20","stageColor":2,"stageEfficiency":94.0,"stageEfficiencyEx":119.4,"stageState":0,"updateTime":"2022-11-03 12:08:06"},{"activityName":"第八章","apExpect":57.091,"itemId":"30063","itemType":"全新装置","knockRating":0.315,"sampleConfidence":82.8,"sampleSize":1884,"secondary":"1","secondaryId":"1","spm":"4.2","stageCode":"M8-8","stageColor":2,"stageEfficiency":93.7,"stageEfficiencyEx":93.7,"stageState":0,"updateTime":"2022-11-03 12:08:06"},{"activityName":"第七章","apExpect":75.483,"itemId":"30063","itemType":"全新装置","knockRating":0.278,"sampleConfidence":99.9,"sampleSize":10316,"secondary":"改量装置","secondaryId":"30064","spm":"6.09","stageCode":"7-9","stageColor":2,"stageEfficiency":93.3,"stageEfficiencyEx":118.0,"stageState":0,"updateTime":"2022-11-03 12:08:06"}],[{"activityName":"第十章标准","apExpect":52.684,"itemId":"30043","itemType":"异铁组","knockRating":0.456,"sampleConfidence":99.9,"sampleSize":32743,"secondary":"异铁块","secondaryId":"30044","spm":"6.79","stageCode":"10-11","stageColor":4,"stageEfficiency":100.0,"stageEfficiencyEx":125.2,"stageState":0,"updateTime":"2022-11-03 12:08:06"},{"activityName":"第四章","apExpect":57.801,"itemId":"30043","itemType":"异铁组","knockRating":0.311,"sampleConfidence":99.9,"sampleSize":58430,"secondary":"异铁块","secondaryId":"30044","spm":"6.03","stageCode":"S4-1","stageColor":2,"stageEfficiency":97.4,"stageEfficiencyEx":123.3,"stageState":0,"updateTime":"2022-11-03 12:08:06"},{"activityName":"第五章","apExpect":60.798,"itemId":"30043","itemType":"异铁组","knockRating":0.296,"sampleConfidence":99.9,"sampleSize":12298,"secondary":"异铁块","secondaryId":"30044","spm":"5.6","stageCode":"5-5","stageColor":2,"stageEfficiency":95.4,"stageEfficiencyEx":119.2,"stageState":0,"updateTime":"2022-11-03 12:08:06"},{"activityName":"生于黑夜·插曲","apExpect":59.148,"itemId":"30043","itemType":"异铁组","knockRating":0.304,"sampleConfidence":98.4,"sampleSize":3102,"secondary":"异铁块","secondaryId":"30044","spm":"6.55","stageCode":"DM-8","stageColor":2,"stageEfficiency":95.1,"stageEfficiencyEx":95.1,"stageState":0,"updateTime":"2022-11-03 12:08:06"},{"activityName":"第十一章标准","apExpect":58.005,"itemId":"30043","itemType":"异铁组","knockRating":0.362,"sampleConfidence":99.9,"sampleSize":4552,"secondary":"异铁块","secondaryId":"30044","spm":"6.89","stageCode":"11-11","stageColor":2,"stageEfficiency":93.7,"stageEfficiencyEx":117.1,"stageState":0,"updateTime":"2022-11-03 12:08:06"},{"activityName":"愚人号·插曲","apExpect":58.857,"itemId":"30043","itemType":"异铁组","knockRating":0.357,"sampleConfidence":91.2,"sampleSize":1250,"secondary":"异铁块","secondaryId":"30044","spm":"5.58","stageCode":"SN-8","stageColor":2,"stageEfficiency":92.4,"stageEfficiencyEx":92.4,"stageState":0,"updateTime":"2022-11-03 12:08:06"},{"activityName":"第九章","apExpect":62.004,"itemId":"30043","itemType":"异铁组","knockRating":0.29,"sampleConfidence":96.6,"sampleSize":4919,"secondary":"异铁块","secondaryId":"30044","spm":"5.93","stageCode":"9-17","stageColor":2,"stageEfficiency":91.6,"stageEfficiencyEx":113.6,"stageState":0,"updateTime":"2022-11-03 12:08:06"}],[{"activityName":"愚人号·插曲","apExpect":51.878,"itemId":"30083","itemType":"轻锰矿","knockRating":0.405,"sampleConfidence":94.2,"sampleSize":3167,"secondary":"三水锰矿","secondaryId":"30084","spm":"6.58","stageCode":"SN-9","stageColor":3,"stageEfficiency":100.0,"stageEfficiencyEx":100.0,"stageState":0,"updateTime":"2022-11-03 12:08:06"},{"activityName":"第十章标准","apExpect":56.581,"itemId":"30083","itemType":"轻锰矿","knockRating":0.424,"sampleConfidence":99.9,"sampleSize":17130,"secondary":"三水锰矿","secondaryId":"30084","spm":"7.02","stageCode":"10-7","stageColor":2,"stageEfficiency":98.9,"stageEfficiencyEx":123.9,"stageState":0,"updateTime":"2022-11-03 12:08:06"},{"activityName":"火蓝之心·别传","apExpect":56.86,"itemId":"30083","itemType":"轻锰矿","knockRating":0.317,"sampleConfidence":98.4,"sampleSize":6880,"secondary":"三水锰矿","secondaryId":"30084","spm":"5.54","stageCode":"OF-F4","stageColor":2,"stageEfficiency":98.1,"stageEfficiencyEx":98.1,"stageState":0,"updateTime":"2022-11-03 12:08:06"},{"activityName":"第十章标准","apExpect":38.281,"itemId":"30083","itemType":"轻锰矿","knockRating":0.549,"sampleConfidence":99.9,"sampleSize":51350,"secondary":"1","secondaryId":"1","spm":"6.33","stageCode":"10-16","stageColor":1,"stageEfficiency":97.4,"stageEfficiencyEx":121.6,"stageState":0,"updateTime":"2022-11-03 12:08:06"},{"activityName":"第四章","apExpect":60.725,"itemId":"30083","itemType":"轻锰矿","knockRating":0.296,"sampleConfidence":99.9,"sampleSize":52551,"secondary":"三水锰矿","secondaryId":"30084","spm":"5.4","stageCode":"4-7","stageColor":2,"stageEfficiency":97.3,"stageEfficiencyEx":121.9,"stageState":0,"updateTime":"2022-11-03 12:08:06"},{"activityName":"第三章","apExpect":40.593,"itemId":"30083","itemType":"轻锰矿","knockRating":0.37,"sampleConfidence":99.9,"sampleSize":75149,"secondary":"1","secondaryId":"1","spm":"5.2","stageCode":"3-2","stageColor":2,"stageEfficiency":94.2,"stageEfficiencyEx":119.4,"stageState":0,"updateTime":"2022-11-03 12:08:06"},{"activityName":"第八章","apExpect":60.95,"itemId":"30083","itemType":"轻锰矿","knockRating":0.295,"sampleConfidence":99.9,"sampleSize":5499,"secondary":"三水锰矿","secondaryId":"30084","spm":"6.17","stageCode":"R8-10","stageColor":2,"stageEfficiency":93.9,"stageEfficiencyEx":119.1,"stageState":0,"updateTime":"2022-11-03 12:08:06"}],[{"activityName":"第十章标准","apExpect":63.428,"itemId":"31013","itemType":"凝胶","knockRating":0.331,"sampleConfidence":99.9,"sampleSize":12009,"secondary":"聚合凝胶","secondaryId":"31014","spm":"7.97","stageCode":"10-3","stageColor":3,"stageEfficiency":100.0,"stageEfficiencyEx":125.4,"stageState":0,"updateTime":"2022-11-03 12:08:06"},{"activityName":"第八章","apExpect":63.111,"itemId":"31013","itemType":"凝胶","knockRating":0.333,"sampleConfidence":99.9,"sampleSize":28544,"secondary":"聚合凝胶","secondaryId":"31014","spm":"6.74","stageCode":"JT8-2","stageColor":2,"stageEfficiency":98.3,"stageEfficiencyEx":123.1,"stageState":0,"updateTime":"2022-11-03 12:08:06"},{"activityName":"第十一章标准","apExpect":63.76,"itemId":"31013","itemType":"凝胶","knockRating":0.376,"sampleConfidence":98.0,"sampleSize":2391,"secondary":"聚合凝胶","secondaryId":"31014","spm":"6.82","stageCode":"11-12","stageColor":2,"stageEfficiency":94.6,"stageEfficiencyEx":118.6,"stageState":0,"updateTime":"2022-11-03 12:08:06"},{"activityName":"第七章","apExpect":69.493,"itemId":"31013","itemType":"凝胶","knockRating":0.259,"sampleConfidence":99.9,"sampleSize":6486,"secondary":"聚合凝胶","secondaryId":"31014","spm":"5.93","stageCode":"7-8","stageColor":2,"stageEfficiency":94.1,"stageEfficiencyEx":117.8,"stageState":0,"updateTime":"2022-11-03 12:08:06"},{"activityName":"第五章","apExpect":68.857,"itemId":"31013","itemType":"凝胶","knockRating":0.261,"sampleConfidence":99.9,"sampleSize":9311,"secondary":"聚合凝胶","secondaryId":"31014","spm":"7.3","stageCode":"S5-7","stageColor":2,"stageEfficiency":92.3,"stageEfficiencyEx":115.6,"stageState":0,"updateTime":"2022-11-03 12:08:06"},{"activityName":"第八章","apExpect":58.089,"itemId":"31013","itemType":"凝胶","knockRating":0.31,"sampleConfidence":87.0,"sampleSize":1591,"secondary":"1","secondaryId":"1","spm":"3.86","stageCode":"R8-8","stageColor":1,"stageEfficiency":89.9,"stageEfficiencyEx":112.7,"stageState":0,"updateTime":"2022-11-03 12:08:06"},{"activityName":"玛莉娅临光·别传","apExpect":74.348,"itemId":"31013","itemType":"凝胶","knockRating":0.242,"sampleConfidence":63.8,"sampleSize":665,"secondary":"聚合凝胶","secondaryId":"31014","spm":"6.17","stageCode":"MN-6","stageColor":2,"stageEfficiency":81.5,"stageEfficiencyEx":81.5,"stageState":0,"updateTime":"2022-11-03 12:08:06"}],[{"activityName":"第四章","apExpect":48.788,"itemId":"30073","itemType":"扭转醇","knockRating":0.369,"sampleConfidence":99.9,"sampleSize":53507,"secondary":"白马醇","secondaryId":"30074","spm":"6.21","stageCode":"4-4","stageColor":3,"stageEfficiency":100.0,"stageEfficiencyEx":125.0,"stageState":0,"updateTime":"2022-11-03 12:08:06"},{"activityName":"第八章","apExpect":51.147,"itemId":"30073","itemType":"扭转醇","knockRating":0.352,"sampleConfidence":99.9,"sampleSize":5700,"secondary":"白马醇","secondaryId":"30074","spm":"6.32","stageCode":"R8-2","stageColor":2,"stageEfficiency":99.9,"stageEfficiencyEx":121.8,"stageState":0,"updateTime":"2022-11-03 12:08:06"},{"activityName":"第十章标准","apExpect":47.81,"itemId":"30073","itemType":"扭转醇","knockRating":0.502,"sampleConfidence":99.9,"sampleSize":9817,"secondary":"白马醇","secondaryId":"30074","spm":"8.14","stageCode":"10-15","stageColor":2,"stageEfficiency":99.9,"stageEfficiencyEx":126.4,"stageState":0,"updateTime":"2022-11-03 12:08:06"},{"activityName":"第十一章标准","apExpect":44.044,"itemId":"30073","itemType":"扭转醇","knockRating":0.477,"sampleConfidence":88.8,"sampleSize":1659,"secondary":"白马醇","secondaryId":"30074","spm":"6.41","stageCode":"11-13","stageColor":2,"stageEfficiency":97.6,"stageEfficiencyEx":122.2,"stageState":0,"updateTime":"2022-11-03 12:08:06"},{"activityName":"第七章","apExpect":52.177,"itemId":"30073","itemType":"扭转醇","knockRating":0.345,"sampleConfidence":98.0,"sampleSize":2519,"secondary":"白马醇","secondaryId":"30074","spm":"5.07","stageCode":"7-5","stageColor":2,"stageEfficiency":96.6,"stageEfficiencyEx":96.6,"stageState":0,"updateTime":"2022-11-03 12:08:06"},{"activityName":"骑兵与猎人·别传","apExpect":34.149,"itemId":"30073","itemType":"扭转醇","knockRating":0.439,"sampleConfidence":99.9,"sampleSize":14857,"secondary":"1","secondaryId":"1","spm":"5.42","stageCode":"GT-5","stageColor":1,"stageEfficiency":96.6,"stageEfficiencyEx":96.6,"stageState":0,"updateTime":"2022-11-03 12:08:06"},{"activityName":"第六章","apExpect":42.662,"itemId":"30073","itemType":"扭转醇","knockRating":0.492,"sampleConfidence":99.9,"sampleSize":37587,"secondary":"1","secondaryId":"1","spm":"5.34","stageCode":"6-11","stageColor":2,"stageEfficiency":94.8,"stageEfficiencyEx":117.8,"stageState":0,"updateTime":"2022-11-03 12:08:06"}],[{"activityName":"第八章","apExpect":40.216,"itemId":"30053","itemType":"酮凝集组","knockRating":0.448,"sampleConfidence":99.9,"sampleSize":26277,"secondary":"1","secondaryId":"1","spm":"3.66","stageCode":"JT8-3","stageColor":3,"stageEfficiency":100.0,"stageEfficiencyEx":123.1,"stageState":0,"updateTime":"2022-11-03 12:08:06"},{"activityName":"第十章标准","apExpect":38.4,"itemId":"30053","itemType":"酮凝集组","knockRating":0.547,"sampleConfidence":99.9,"sampleSize":32812,"secondary":"1","secondaryId":"1","spm":"6.67","stageCode":"10-4","stageColor":1,"stageEfficiency":95.8,"stageEfficiencyEx":119.5,"stageState":0,"updateTime":"2022-11-03 12:08:06"},{"activityName":"第四章","apExpect":57.817,"itemId":"30053","itemType":"酮凝集组","knockRating":0.311,"sampleConfidence":99.9,"sampleSize":45518,"secondary":"酮阵列","secondaryId":"30054","spm":"6.24","stageCode":"4-5","stageColor":2,"stageEfficiency":95.2,"stageEfficiencyEx":118.9,"stageState":0,"updateTime":"2022-11-03 12:08:06"},{"activityName":"遗尘漫步·插曲","apExpect":58.283,"itemId":"30053","itemType":"酮凝集组","knockRating":0.309,"sampleConfidence":81.2,"sampleSize":939,"secondary":"酮阵列","secondaryId":"30054","spm":"5.87","stageCode":"WD-7","stageColor":2,"stageEfficiency":94.4,"stageEfficiencyEx":94.4,"stageState":0,"updateTime":"2022-11-03 12:08:06"},{"activityName":"第九章","apExpect":62.647,"itemId":"30053","itemType":"酮凝集组","knockRating":0.287,"sampleConfidence":99.2,"sampleSize":3818,"secondary":"酮阵列","secondaryId":"30054","spm":"5.29","stageCode":"S9-1","stageColor":2,"stageEfficiency":93.8,"stageEfficiencyEx":118.9,"stageState":0,"updateTime":"2022-11-03 12:08:06"},{"activityName":"第三章","apExpect":40.789,"itemId":"30053","itemType":"酮凝集组","knockRating":0.368,"sampleConfidence":99.9,"sampleSize":56273,"secondary":"1","secondaryId":"1","spm":"4.97","stageCode":"3-1","stageColor":2,"stageEfficiency":92.8,"stageEfficiencyEx":117.4,"stageState":0,"updateTime":"2022-11-03 12:08:06"},{"activityName":"第五章","apExpect":58.164,"itemId":"30053","itemType":"酮凝集组","knockRating":0.309,"sampleConfidence":99.9,"sampleSize":13129,"secondary":"酮阵列","secondaryId":"30054","spm":"5.74","stageCode":"5-8","stageColor":2,"stageEfficiency":92.7,"stageEfficiencyEx":118.7,"stageState":0,"updateTime":"2022-11-03 12:08:06"}],[{"activityName":"第四章","apExpect":71.348,"itemId":"30103","itemType":"RMA70-12","knockRating":0.294,"sampleConfidence":99.9,"sampleSize":89701,"secondary":"RMA70-24","secondaryId":"30104","spm":"5.82","stageCode":"4-9","stageColor":3,"stageEfficiency":100.0,"stageEfficiencyEx":125.5,"stageState":0,"updateTime":"2022-11-03 12:08:06"},{"activityName":"第九章","apExpect":52.578,"itemId":"30103","itemType":"RMA70-12","knockRating":0.399,"sampleConfidence":99.9,"sampleSize":19997,"secondary":"1","secondaryId":"1","spm":"4.57","stageCode":"9-19","stageColor":1,"stageEfficiency":97.5,"stageEfficiencyEx":122.3,"stageState":0,"updateTime":"2022-11-03 12:08:06"},{"activityName":"第七章","apExpect":52.767,"itemId":"30103","itemType":"RMA70-12","knockRating":0.341,"sampleConfidence":99.9,"sampleSize":37503,"secondary":"1","secondaryId":"1","spm":"6.35","stageCode":"7-10","stageColor":2,"stageEfficiency":97.4,"stageEfficiencyEx":120.6,"stageState":0,"updateTime":"2022-11-03 12:08:06"},{"activityName":"第八章","apExpect":52.626,"itemId":"30103","itemType":"RMA70-12","knockRating":0.342,"sampleConfidence":99.9,"sampleSize":10727,"secondary":"1","secondaryId":"1","spm":"5.22","stageCode":"R8-9","stageColor":2,"stageEfficiency":96.9,"stageEfficiencyEx":122.2,"stageState":0,"updateTime":"2022-11-03 12:08:06"},{"activityName":"遗尘漫步·插曲","apExpect":54.513,"itemId":"30103","itemType":"RMA70-12","knockRating":0.33,"sampleConfidence":95.6,"sampleSize":4143,"secondary":"1","secondaryId":"1","spm":"7.45","stageCode":"WD-8","stageColor":2,"stageEfficiency":96.2,"stageEfficiencyEx":96.2,"stageState":0,"updateTime":"2022-11-03 12:08:06"},{"activityName":"密林悍将归来·别传","apExpect":52.716,"itemId":"30103","itemType":"RMA70-12","knockRating":0.341,"sampleConfidence":93.4,"sampleSize":3491,"secondary":"1","secondaryId":"1","spm":"4.32","stageCode":"RI-8","stageColor":2,"stageEfficiency":95.8,"stageEfficiencyEx":95.8,"stageState":0,"updateTime":"2022-11-03 12:08:06"},{"activityName":"第十章标准","apExpect":72.909,"itemId":"30103","itemType":"RMA70-12","knockRating":0.288,"sampleConfidence":99.9,"sampleSize":12832,"secondary":"RMA70-24","secondaryId":"30104","spm":"7.0","stageCode":"10-5","stageColor":2,"stageEfficiency":95.5,"stageEfficiencyEx":120.3,"stageState":0,"updateTime":"2022-11-03 12:08:06"}],[{"activityName":"叙拉古人","apExpect":25.26,"itemId":"31023","itemType":"炽合金","knockRating":0.831,"sampleConfidence":99.9,"sampleSize":87735,"secondary":"龙门币","secondaryId":"4001","spm":"6.13","stageCode":"IS-10","stageColor":3,"stageEfficiency":111.7,"stageEfficiencyEx":104.5,"stageState":1,"updateTime":"2022-11-03 12:08:06"},{"activityName":"叙拉古人","apExpect":25.26,"itemId":"31023","itemType":"炽合金","knockRating":0.831,"sampleConfidence":99.9,"sampleSize":87735,"secondary":"1","secondaryId":"1","spm":"6.13","stageCode":"IS-10","stageColor":1,"stageEfficiency":104.5,"stageEfficiencyEx":104.5,"stageState":1,"updateTime":"2022-11-03 12:08:06"},{"activityName":"第十一章标准","apExpect":49.573,"itemId":"31023","itemType":"炽合金","knockRating":0.424,"sampleConfidence":99.6,"sampleSize":3574,"secondary":"炽合金块","secondaryId":"31024","spm":"7.64","stageCode":"11-14","stageColor":2,"stageEfficiency":100.0,"stageEfficiencyEx":124.9,"stageState":0,"updateTime":"2022-11-03 12:08:06"},{"activityName":"第十章标准","apExpect":52.958,"itemId":"31023","itemType":"炽合金","knockRating":0.397,"sampleConfidence":99.9,"sampleSize":16949,"secondary":"炽合金块","secondaryId":"31024","spm":"8.03","stageCode":"10-14","stageColor":2,"stageEfficiency":96.8,"stageEfficiencyEx":121.8,"stageState":0,"updateTime":"2022-11-03 12:08:06"},{"activityName":"第八章","apExpect":54.89,"itemId":"31023","itemType":"炽合金","knockRating":0.328,"sampleConfidence":99.9,"sampleSize":11969,"secondary":"炽合金块","secondaryId":"31024","spm":"5.12","stageCode":"R8-7","stageColor":2,"stageEfficiency":94.6,"stageEfficiencyEx":117.4,"stageState":0,"updateTime":"2022-11-03 12:08:06"},{"activityName":"第五章","apExpect":58.097,"itemId":"31023","itemType":"炽合金","knockRating":0.31,"sampleConfidence":99.9,"sampleSize":11471,"secondary":"炽合金块","secondaryId":"31024","spm":"7.3","stageCode":"S5-8","stageColor":2,"stageEfficiency":93.8,"stageEfficiencyEx":118.1,"stageState":0,"updateTime":"2022-11-03 12:08:06"},{"activityName":"第六章","apExpect":53.992,"itemId":"31023","itemType":"炽合金","knockRating":0.333,"sampleConfidence":99.4,"sampleSize":7109,"secondary":"炽合金块","secondaryId":"31024","spm":"6.32","stageCode":"6-12","stageColor":2,"stageEfficiency":93.1,"stageEfficiencyEx":117.3,"stageState":0,"updateTime":"2022-11-03 12:08:06"},{"activityName":"画中人·别传","apExpect":38.45,"itemId":"31023","itemType":"炽合金","knockRating":0.39,"sampleConfidence":62.2,"sampleSize":587,"secondary":"1","secondaryId":"1","spm":"4.37","stageCode":"WR-8","stageColor":2,"stageEfficiency":92.9,"stageEfficiencyEx":92.9,"stageState":0,"updateTime":"2022-11-03 12:08:06"}],[{"activityName":"第七章","apExpect":65.842,"itemId":"30093","itemType":"研磨石","knockRating":0.319,"sampleConfidence":99.9,"sampleSize":22405,"secondary":"五水研磨石","secondaryId":"30094","spm":"5.75","stageCode":"7-17","stageColor":3,"stageEfficiency":100.0,"stageEfficiencyEx":124.7,"stageState":0,"updateTime":"2022-11-03 12:08:06"},{"activityName":"第四章","apExpect":61.394,"itemId":"30093","itemType":"研磨石","knockRating":0.342,"sampleConfidence":99.9,"sampleSize":100025,"secondary":"五水研磨石","secondaryId":"30094","spm":"7.59","stageCode":"4-8","stageColor":2,"stageEfficiency":99.1,"stageEfficiencyEx":123.9,"stageState":0,"updateTime":"2022-11-03 12:08:06"},{"activityName":"第十章标准","apExpect":46.484,"itemId":"30093","itemType":"研磨石","knockRating":0.452,"sampleConfidence":99.9,"sampleSize":29739,"secondary":"1","secondaryId":"1","spm":"6.6","stageCode":"10-12","stageColor":2,"stageEfficiency":98.3,"stageEfficiencyEx":122.6,"stageState":0,"updateTime":"2022-11-03 12:08:06"},{"activityName":"骑兵与猎人·别传","apExpect":46.594,"itemId":"30093","itemType":"研磨石","knockRating":0.322,"sampleConfidence":98.6,"sampleSize":6225,"secondary":"1","secondaryId":"1","spm":"3.48","stageCode":"GT-6","stageColor":2,"stageEfficiency":91.8,"stageEfficiencyEx":91.8,"stageState":0,"updateTime":"2022-11-03 12:08:06"},{"activityName":"第三章","apExpect":46.874,"itemId":"30093","itemType":"研磨石","knockRating":0.32,"sampleConfidence":99.9,"sampleSize":63442,"secondary":"1","secondaryId":"1","spm":"5.21","stageCode":"3-3","stageColor":2,"stageEfficiency":90.6,"stageEfficiencyEx":115.2,"stageState":0,"updateTime":"2022-11-03 12:08:06"},{"activityName":"第九章","apExpect":46.137,"itemId":"30093","itemType":"研磨石","knockRating":0.39,"sampleConfidence":99.9,"sampleSize":11765,"secondary":"1","secondaryId":"1","spm":"4.95","stageCode":"9-16","stageColor":1,"stageEfficiency":89.0,"stageEfficiencyEx":112.2,"stageState":0,"updateTime":"2022-11-03 12:08:06"},{"activityName":"第五章","apExpect":61.339,"itemId":"30093","itemType":"研磨石","knockRating":0.342,"sampleConfidence":99.9,"sampleSize":17426,"secondary":"1","secondaryId":"1","spm":"6.89","stageCode":"5-7","stageColor":2,"stageEfficiency":89.0,"stageEfficiencyEx":110.1,"stageState":0,"updateTime":"2022-11-03 12:08:06"}],[{"activityName":"第四章","apExpect":46.347,"itemId":"30023","itemType":"糖组","knockRating":0.388,"sampleConfidence":99.9,"sampleSize":17805,"secondary":"糖聚块","secondaryId":"30024","spm":"7.71","stageCode":"4-2","stageColor":3,"stageEfficiency":100.0,"stageEfficiencyEx":127.7,"stageState":0,"updateTime":"2022-11-03 12:08:06"},{"activityName":"第九章","apExpect":45.688,"itemId":"30023","itemType":"糖组","knockRating":0.394,"sampleConfidence":91.8,"sampleSize":3254,"secondary":"糖聚块","secondaryId":"30024","spm":"6.14","stageCode":"9-5","stageColor":2,"stageEfficiency":99.3,"stageEfficiencyEx":121.1,"stageState":0,"updateTime":"2022-11-03 12:08:06"},{"activityName":"第十章标准","apExpect":45.971,"itemId":"30023","itemType":"糖组","knockRating":0.457,"sampleConfidence":72.6,"sampleSize":1123,"secondary":"糖聚块","secondaryId":"30024","spm":"6.7","stageCode":"10-10","stageColor":2,"stageEfficiency":98.6,"stageEfficiencyEx":98.6,"stageState":0,"updateTime":"2022-11-03 12:08:06"},{"activityName":"火蓝之心·别传","apExpect":31.786,"itemId":"30023","itemType":"糖组","knockRating":0.472,"sampleConfidence":83.8,"sampleSize":1210,"secondary":"1","secondaryId":"1","spm":"5.26","stageCode":"OF-F3","stageColor":2,"stageEfficiency":97.1,"stageEfficiencyEx":97.0,"stageState":0,"updateTime":"2022-11-03 12:08:06"},{"activityName":"孤岛风云·别传","apExpect":31.57,"itemId":"30023","itemType":"糖组","knockRating":0.475,"sampleConfidence":72.0,"sampleSize":724,"secondary":"1","secondaryId":"1","spm":"19.35","stageCode":"MB-6","stageColor":1,"stageEfficiency":96.8,"stageEfficiencyEx":96.8,"stageState":0,"updateTime":"2022-11-03 12:08:06"},{"activityName":"第五章","apExpect":50.391,"itemId":"30023","itemType":"糖组","knockRating":0.357,"sampleConfidence":85.0,"sampleSize":2346,"secondary":"糖聚块","secondaryId":"30024","spm":"5.78","stageCode":"5-2","stageColor":2,"stageEfficiency":95.7,"stageEfficiencyEx":122.4,"stageState":0,"updateTime":"2022-11-03 12:08:06"},{"activityName":"生于黑夜·插曲","apExpect":32.412,"itemId":"30023","itemType":"糖组","knockRating":0.463,"sampleConfidence":97.8,"sampleSize":3239,"secondary":"1","secondaryId":"1","spm":"5.62","stageCode":"DM-6","stageColor":2,"stageEfficiency":95.5,"stageEfficiencyEx":95.4,"stageState":0,"updateTime":"2022-11-03 12:08:06"}],[{"activityName":"第七章","apExpect":32.455,"itemId":"30033","itemType":"聚酸酯组","knockRating":0.555,"sampleConfidence":99.9,"sampleSize":17585,"secondary":"1","secondaryId":"1","spm":"5.87","stageCode":"7-4","stageColor":3,"stageEfficiency":100.0,"stageEfficiencyEx":124.8,"stageState":0,"updateTime":"2022-11-03 12:08:06"},{"activityName":"第三章","apExpect":45.964,"itemId":"30033","itemType":"聚酸酯组","knockRating":0.392,"sampleConfidence":99.9,"sampleSize":12653,"secondary":"聚酸酯块","secondaryId":"30034","spm":"5.27","stageCode":"3-8","stageColor":2,"stageEfficiency":93.9,"stageEfficiencyEx":121.3,"stageState":0,"updateTime":"2022-11-03 12:08:06"},{"activityName":"遗尘漫步·插曲","apExpect":32.184,"itemId":"30033","itemType":"聚酸酯组","knockRating":0.466,"sampleConfidence":86.6,"sampleSize":1341,"secondary":"1","secondaryId":"1","spm":"4.62","stageCode":"WD-6","stageColor":1,"stageEfficiency":93.7,"stageEfficiencyEx":93.7,"stageState":0,"updateTime":"2022-11-03 12:08:06"},{"activityName":"第六章","apExpect":47.074,"itemId":"30033","itemType":"聚酸酯组","knockRating":0.382,"sampleConfidence":99.6,"sampleSize":3711,"secondary":"聚酸酯块","secondaryId":"30034","spm":"6.97","stageCode":"6-4","stageColor":2,"stageEfficiency":93.2,"stageEfficiencyEx":120.1,"stageState":0,"updateTime":"2022-11-03 12:08:06"},{"activityName":"第二章","apExpect":32.965,"itemId":"30033","itemType":"聚酸酯组","knockRating":0.364,"sampleConfidence":99.9,"sampleSize":10016,"secondary":"1","secondaryId":"1","spm":"4.14","stageCode":"2-6","stageColor":2,"stageEfficiency":92.4,"stageEfficiencyEx":114.9,"stageState":0,"updateTime":"2022-11-03 12:08:06"},{"activityName":"第五章","apExpect":36.717,"itemId":"30033","itemType":"聚酸酯组","knockRating":0.49,"sampleConfidence":99.9,"sampleSize":16482,"secondary":"1","secondaryId":"1","spm":"4.95","stageCode":"5-3","stageColor":2,"stageEfficiency":91.1,"stageEfficiencyEx":112.2,"stageState":0,"updateTime":"2022-11-03 12:08:06"},{"activityName":"第九章","apExpect":48.816,"itemId":"30033","itemType":"聚酸酯组","knockRating":0.369,"sampleConfidence":78.2,"sampleSize":1356,"secondary":"聚酸酯块","secondaryId":"30034","spm":"6.14","stageCode":"9-7","stageColor":2,"stageEfficiency":87.9,"stageEfficiencyEx":109.4,"stageState":0,"updateTime":"2022-11-03 12:08:06"}],[{"activityName":"第八章","apExpect":38.409,"itemId":"31033","itemType":"晶体元件","knockRating":0.547,"sampleConfidence":99.9,"sampleSize":21346,"secondary":"晶体电路","secondaryId":"31034","spm":"4.6","stageCode":"R8-11","stageColor":3,"stageEfficiency":100.0,"stageEfficiencyEx":121.2,"stageState":0,"updateTime":"2022-11-03 12:08:06"},{"activityName":"覆潮之下·插曲","apExpect":53.269,"itemId":"31033","itemType":"晶体元件","knockRating":0.338,"sampleConfidence":56.4,"sampleSize":947,"secondary":"晶体电路","secondaryId":"31034","spm":"5.74","stageCode":"SV-8","stageColor":2,"stageEfficiency":95.9,"stageEfficiencyEx":95.9,"stageState":0,"updateTime":"2022-11-03 12:08:06"},{"activityName":"第五章","apExpect":53.788,"itemId":"31033","itemType":"晶体元件","knockRating":0.335,"sampleConfidence":99.9,"sampleSize":4315,"secondary":"晶体电路","secondaryId":"31034","spm":"7.35","stageCode":"S5-9","stageColor":2,"stageEfficiency":92.4,"stageEfficiencyEx":116.7,"stageState":0,"updateTime":"2022-11-03 12:08:06"},{"activityName":"第九章","apExpect":37.906,"itemId":"31033","itemType":"晶体元件","knockRating":0.554,"sampleConfidence":94.8,"sampleSize":1074,"secondary":"1","secondaryId":"1","spm":"6.06","stageCode":"9-14","stageColor":1,"stageEfficiency":85.4,"stageEfficiencyEx":85.4,"stageState":0,"updateTime":"2022-11-03 12:08:06"}],[{"activityName":"第一章","apExpect":24.093,"itemId":"30012","itemType":"固源岩组","knockRating":1.245,"sampleConfidence":99.9,"sampleSize":29096187,"secondary":"基础作战记录","secondaryId":"2001","spm":"3.05","stageCode":"1-7","stageColor":3,"stageEfficiency":100.0,"stageEfficiencyEx":139.0,"stageState":0,"updateTime":"2022-11-03 12:08:06"},{"activityName":"叙拉古人","apExpect":19.188,"itemId":"30013","itemType":"固源岩组","knockRating":1.094,"sampleConfidence":99.9,"sampleSize":317196,"secondary":"龙门币","secondaryId":"4001","spm":"6.3","stageCode":"IS-8","stageColor":1,"stageEfficiency":98.5,"stageEfficiencyEx":91.3,"stageState":1,"updateTime":"2022-11-03 12:08:06"},{"activityName":"叙拉古人","apExpect":19.188,"itemId":"30013","itemType":"固源岩组","knockRating":1.094,"sampleConfidence":99.9,"sampleSize":317196,"secondary":"1","secondaryId":"1","spm":"6.3","stageCode":"IS-8","stageColor":2,"stageEfficiency":91.3,"stageEfficiencyEx":91.3,"stageState":1,"updateTime":"2022-11-03 12:08:06"},{"activityName":"第十章标准","apExpect":27.587,"itemId":"30013","itemType":"固源岩组","knockRating":0.761,"sampleConfidence":99.9,"sampleSize":148273,"secondary":"1","secondaryId":"1","spm":"6.92","stageCode":"10-6","stageColor":2,"stageEfficiency":88.8,"stageEfficiencyEx":112.5,"stageState":0,"updateTime":"2022-11-03 12:08:06"},{"activityName":"第十一章标准","apExpect":37.968,"itemId":"30013","itemType":"固源岩组","knockRating":0.553,"sampleConfidence":99.9,"sampleSize":48707,"secondary":"提纯源岩","secondaryId":"30014","spm":"5.74","stageCode":"11-18","stageColor":2,"stageEfficiency":88.0,"stageEfficiencyEx":111.9,"stageState":0,"updateTime":"2022-11-03 12:08:06"},{"activityName":"第四章","apExpect":40.664,"itemId":"30013","itemType":"固源岩组","knockRating":0.443,"sampleConfidence":99.9,"sampleSize":65923,"secondary":"提纯源岩","secondaryId":"30014","spm":"5.45","stageCode":"4-6","stageColor":2,"stageEfficiency":88.0,"stageEfficiencyEx":111.4,"stageState":0,"updateTime":"2022-11-03 12:08:06"},{"activityName":"第八章","apExpect":41.937,"itemId":"30013","itemType":"固源岩组","knockRating":0.429,"sampleConfidence":99.9,"sampleSize":7721,"secondary":"提纯源岩","secondaryId":"30014","spm":"6.39","stageCode":"R8-3","stageColor":2,"stageEfficiency":86.5,"stageEfficiencyEx":110.1,"stageState":0,"updateTime":"2022-11-03 12:08:06"},{"activityName":"第九章","apExpect":41.121,"itemId":"30013","itemType":"固源岩组","knockRating":0.438,"sampleConfidence":99.9,"sampleSize":17600,"secondary":"提纯源岩","secondaryId":"30014","spm":"5.87","stageCode":"9-13","stageColor":2,"stageEfficiency":86.1,"stageEfficiencyEx":110.2,"stageState":0,"updateTime":"2022-11-03 12:08:06"}],[{"activityName":"第九章","apExpect":63.765,"itemId":"31043","itemType":"半自然溶剂","knockRating":0.329,"sampleConfidence":99.9,"sampleSize":19421,"secondary":"精炼溶剂","secondaryId":"31044","spm":"5.6","stageCode":"9-18","stageColor":4,"stageEfficiency":100.0,"stageEfficiencyEx":127.0,"stageState":0,"updateTime":"2022-11-03 12:08:06"},{"activityName":"第九章","apExpect":64.751,"itemId":"31043","itemType":"半自然溶剂","knockRating":0.278,"sampleConfidence":99.9,"sampleSize":13148,"secondary":"精炼溶剂","secondaryId":"31044","spm":"4.93","stageCode":"9-4","stageColor":2,"stageEfficiency":98.6,"stageEfficiencyEx":124.1,"stageState":0,"updateTime":"2022-11-03 12:08:06"},{"activityName":"第十一章标准","apExpect":68.821,"itemId":"31043","itemType":"半自然溶剂","knockRating":0.349,"sampleConfidence":87.0,"sampleSize":866,"secondary":"精炼溶剂","secondaryId":"31044","spm":"9.6","stageCode":"11-8","stageColor":2,"stageEfficiency":94.6,"stageEfficiencyEx":119.1,"stageState":0,"updateTime":"2022-11-03 12:08:06"}],[{"activityName":"叙拉古人","apExpect":30.007,"itemId":"31053","itemType":"化合切削液","knockRating":0.7,"sampleConfidence":99.9,"sampleSize":36397,"secondary":"龙门币","secondaryId":"4001","spm":"5.97","stageCode":"IS-9","stageColor":3,"stageEfficiency":114.3,"stageEfficiencyEx":107.0,"stageState":1,"updateTime":"2022-11-03 12:08:06"},{"activityName":"叙拉古人","apExpect":30.007,"itemId":"31053","itemType":"化合切削液","knockRating":0.7,"sampleConfidence":99.9,"sampleSize":36397,"secondary":"1","secondaryId":"1","spm":"5.97","stageCode":"IS-9","stageColor":1,"stageEfficiency":107.1,"stageEfficiencyEx":107.0,"stageState":1,"updateTime":"2022-11-03 12:08:06"},{"activityName":"第十章标准","apExpect":45.322,"itemId":"31053","itemType":"化合切削液","knockRating":0.53,"sampleConfidence":99.6,"sampleSize":3841,"secondary":"1","secondaryId":"1","spm":"5.09","stageCode":"10-17","stageColor":2,"stageEfficiency":100.0,"stageEfficiencyEx":125.2,"stageState":0,"updateTime":"2022-11-03 12:08:06"},{"activityName":"第十一章标准","apExpect":63.274,"itemId":"31053","itemType":"化合切削液","knockRating":0.332,"sampleConfidence":81.2,"sampleSize":925,"secondary":"切削原液","secondaryId":"31054","spm":"6.77","stageCode":"11-16","stageColor":2,"stageEfficiency":99.6,"stageEfficiencyEx":125.6,"stageState":0,"updateTime":"2022-11-03 12:08:06"},{"activityName":"第九章","apExpect":65.999,"itemId":"31053","itemType":"化合切削液","knockRating":0.273,"sampleConfidence":99.9,"sampleSize":25087,"secondary":"切削原液","secondaryId":"31054","spm":"4.68","stageCode":"9-6","stageColor":2,"stageEfficiency":95.2,"stageEfficiencyEx":120.1,"stageState":0,"updateTime":"2022-11-03 12:08:06"}],[{"activityName":"第十一章标准","apExpect":65.973,"itemId":"31063","itemType":"转质盐组","knockRating":0.318,"sampleConfidence":99.9,"sampleSize":64148,"secondary":"转质盐聚块","secondaryId":"31064","spm":"9.4","stageCode":"11-3","stageColor":4,"stageEfficiency":100.0,"stageEfficiencyEx":125.6,"stageState":0,"updateTime":"2022-11-03 12:08:06"},{"activityName":"第十一章标准","apExpect":70.597,"itemId":"31063","itemType":"转质盐组","knockRating":0.34,"sampleConfidence":99.9,"sampleSize":68635,"secondary":"转质盐聚块","secondaryId":"31064","spm":"7.09","stageCode":"11-15","stageColor":2,"stageEfficiency":98.2,"stageEfficiencyEx":123.1,"stageState":0,"updateTime":"2022-11-03 12:08:06"}]]