[[{"activityName":"第十一章标准","apExpect":51.962,"itemId":"30063","itemType":"全新装置","knockRating":0.404,"sampleConfidence":99.9,"sampleSize":14339,"secondary":"1","secondaryId":"1","spm":"6.27","stageCode":"11-7","stageColor":4,"stageEfficiency":100.0,"stageEfficiencyEx":125.0,"stageState":0,"updateTime":"2022-11-03 11:25:28"},{"activityName":"第九章","apExpect":54.179,"itemId":"30063","itemType":"全新装置","knockRating":0.332,"sampleConfidence":99.9,"sampleSize":66848,"secondary":"1","secondaryId":"1","spm":"5.29","stageCode":"9-10","stageColor":2,"stageEfficiency":98.1,"stageEfficiencyEx":123.9,"stageState":0,"updateTime":"2022-11-03 11:25:28"},{"activityName":"第七章","apExpect":54.186,"itemId":"30063","itemType":"全新装置","knockRating":0.332,"sampleConfidence":99.9,"sampleSize":97339,"secondary":"1","secondaryId":"1","spm":"5.4","stageCode":"7-15","stageColor":2,"stageEfficiency":98.0,"stageEfficiencyEx":122.4,"stageState":0,"updateTime":"2022-11-03 11:25:28"},{"activityName":"第四章","apExpect":70.58,"itemId":"30063","itemType":"全新装置","knockRating":0.298,"sampleConfidence":99.9,"sampleSize":33280,"secondary":"改量装置","secondaryId":"30064","spm":"5.24","stageCode":"4-10","stageColor":2,"stageEfficiency":96.7,"stageEfficiencyEx":122.1,"stageState":0,"updateTime":"2022-11-03 11:25:28"},{"activityName":"第八章","apExpect":57.091,"itemId":"30063","itemType":"全新装置","knockRating":0.315,"sampleConfidence":82.8,"sampleSize":1884,"secondary":"1","secondaryId":"1","spm":"4.2","stageCode":"M8-8","stageColor":2,"stageEfficiency":95.0,"stageEfficiencyEx":95.0,"stageState":0,"updateTime":"2022-11-03 11:25:28"},{"activityName":"第五章","apExpect":66.218,"itemId":"30063","itemType":"全新装置","knockRating":0.317,"sampleConfidence":99.9,"sampleSize":33166,"secondary":"1","secondaryId":"1","spm":"3.74","stageCode":"5-10","stageColor":2,"stageEfficiency":94.8,"stageEfficiencyEx":119.2,"stageState":0,"updateTime":"2022-11-03 11:25:28"},{"activityName":"第七章","apExpect":75.467,"itemId":"30063","itemType":"全新装置","knockRating":0.278,"sampleConfidence":99.9,"sampleSize":10303,"secondary":"改量装置","secondaryId":"30064","spm":"6.09","stageCode":"7-9","stageColor":2,"stageEfficiency":94.4,"stageEfficiencyEx":119.2,"stageState":0,"updateTime":"2022-11-03 11:25:28"}],[{"activityName":"第十章标准","apExpect":52.706,"itemId":"30043","itemType":"异铁组","knockRating":0.455,"sampleConfidence":99.9,"sampleSize":32658,"secondary":"异铁块","secondaryId":"30044","spm":"6.79","stageCode":"10-11","stageColor":4,"stageEfficiency":100.0,"stageEfficiencyEx":125.2,"stageState":0,"updateTime":"2022-11-03 11:25:28"},{"activityName":"第五章","apExpect":60.788,"itemId":"30043","itemType":"异铁组","knockRating":0.296,"sampleConfidence":99.6,"sampleSize":12259,"secondary":"异铁块","secondaryId":"30044","spm":"5.6","stageCode":"5-5","stageColor":2,"stageEfficiency":99.1,"stageEfficiencyEx":123.4,"stageState":0,"updateTime":"2022-11-03 11:25:28"},{"activityName":"第四章","apExpect":57.798,"itemId":"30043","itemType":"异铁组","knockRating":0.311,"sampleConfidence":99.9,"sampleSize":58354,"secondary":"异铁块","secondaryId":"30044","spm":"6.03","stageCode":"S4-1","stageColor":2,"stageEfficiency":97.8,"stageEfficiencyEx":123.7,"stageState":0,"updateTime":"2022-11-03 11:25:28"},{"activityName":"第十一章标准","apExpect":58.052,"itemId":"30043","itemType":"异铁组","knockRating":0.362,"sampleConfidence":96.6,"sampleSize":4517,"secondary":"异铁块","secondaryId":"30044","spm":"6.89","stageCode":"11-11","stageColor":2,"stageEfficiency":96.4,"stageEfficiencyEx":120.2,"stageState":0,"updateTime":"2022-11-03 11:25:28"},{"activityName":"愚人号·插曲","apExpect":58.857,"itemId":"30043","itemType":"异铁组","knockRating":0.357,"sampleConfidence":90.0,"sampleSize":1250,"secondary":"异铁块","secondaryId":"30044","spm":"5.58","stageCode":"SN-8","stageColor":2,"stageEfficiency":95.9,"stageEfficiencyEx":95.9,"stageState":0,"updateTime":"2022-11-03 11:25:28"},{"activityName":"生于黑夜·插曲","apExpect":59.148,"itemId":"30043","itemType":"异铁组","knockRating":0.304,"sampleConfidence":97.8,"sampleSize":3102,"secondary":"异铁块","secondaryId":"30044","spm":"6.55","stageCode":"DM-8","stageColor":2,"stageEfficiency":95.5,"stageEfficiencyEx":95.5,"stageState":0,"updateTime":"2022-11-03 11:25:28"},{"activityName":"第九章","apExpect":62.014,"itemId":"30043","itemType":"异铁组","knockRating":0.29,"sampleConfidence":96.2,"sampleSize":4906,"secondary":"异铁块","secondaryId":"30044","spm":"5.93","stageCode":"9-17","stageColor":2,"stageEfficiency":95.2,"stageEfficiencyEx":117.6,"stageState":0,"updateTime":"2022-11-03 11:25:28"}],[{"activityName":"第十章标准","apExpect":56.603,"itemId":"30083","itemType":"轻锰矿","knockRating":0.424,"sampleConfidence":99.9,"sampleSize":17047,"secondary":"三水锰矿","secondaryId":"30084","spm":"7.02","stageCode":"10-7","stageColor":3,"stageEfficiency":100.0,"stageEfficiencyEx":125.2,"stageState":0,"updateTime":"2022-11-03 11:25:28"},{"activityName":"第四章","apExpect":60.711,"itemId":"30083","itemType":"轻锰矿","knockRating":0.296,"sampleConfidence":99.9,"sampleSize":52407,"secondary":"三水锰矿","secondaryId":"30084","spm":"5.4","stageCode":"4-7","stageColor":2,"stageEfficiency":98.6,"stageEfficiencyEx":123.3,"stageState":0,"updateTime":"2022-11-03 11:25:28"},{"activityName":"愚人号·插曲","apExpect":51.829,"itemId":"30083","itemType":"轻锰矿","knockRating":0.405,"sampleConfidence":99.0,"sampleSize":3090,"secondary":"三水锰矿","secondaryId":"30084","spm":"6.58","stageCode":"SN-9","stageColor":2,"stageEfficiency":98.5,"stageEfficiencyEx":98.6,"stageState":0,"updateTime":"2022-11-03 11:25:28"},{"activityName":"第十章标准","apExpect":38.259,"itemId":"30083","itemType":"轻锰矿","knockRating":0.549,"sampleConfidence":99.9,"sampleSize":50208,"secondary":"1","secondaryId":"1","spm":"6.33","stageCode":"10-16","stageColor":1,"stageEfficiency":97.8,"stageEfficiencyEx":121.9,"stageState":0,"updateTime":"2022-11-03 11:25:28"},{"activityName":"火蓝之心·别传","apExpect":56.84,"itemId":"30083","itemType":"轻锰矿","knockRating":0.317,"sampleConfidence":98.4,"sampleSize":6865,"secondary":"三水锰矿","secondaryId":"30084","spm":"5.54","stageCode":"OF-F4","stageColor":2,"stageEfficiency":96.0,"stageEfficiencyEx":96.0,"stageState":0,"updateTime":"2022-11-03 11:25:28"},{"activityName":"第三章","apExpect":40.595,"itemId":"30083","itemType":"轻锰矿","knockRating":0.37,"sampleConfidence":99.9,"sampleSize":74951,"secondary":"1","secondaryId":"1","spm":"5.2","stageCode":"3-2","stageColor":2,"stageEfficiency":95.1,"stageEfficiencyEx":120.5,"stageState":0,"updateTime":"2022-11-03 11:25:28"},{"activityName":"第八章","apExpect":60.944,"itemId":"30083","itemType":"轻锰矿","knockRating":0.295,"sampleConfidence":99.9,"sampleSize":5485,"secondary":"三水锰矿","secondaryId":"30084","spm":"6.17","stageCode":"R8-10","stageColor":2,"stageEfficiency":94.2,"stageEfficiencyEx":119.4,"stageState":0,"updateTime":"2022-11-03 11:25:28"}],[{"activityName":"第八章","apExpect":63.111,"itemId":"31013","itemType":"凝胶","knockRating":0.333,"sampleConfidence":99.9,"sampleSize":28544,"secondary":"聚合凝胶","secondaryId":"31014","spm":"6.74","stageCode":"JT8-2","stageColor":3,"stageEfficiency":100.0,"stageEfficiencyEx":125.0,"stageState":0,"updateTime":"2022-11-03 11:25:28"},{"activityName":"第十章标准","apExpect":63.309,"itemId":"31013","itemType":"凝胶","knockRating":0.332,"sampleConfidence":99.9,"sampleSize":11869,"secondary":"聚合凝胶","secondaryId":"31014","spm":"7.97","stageCode":"10-3","stageColor":2,"stageEfficiency":100.0,"stageEfficiencyEx":125.4,"stageState":0,"updateTime":"2022-11-03 11:25:28"},{"activityName":"第十一章标准","apExpect":63.793,"itemId":"31013","itemType":"凝胶","knockRating":0.376,"sampleConfidence":97.8,"sampleSize":2363,"secondary":"聚合凝胶","secondaryId":"31014","spm":"6.82","stageCode":"11-12","stageColor":2,"stageEfficiency":96.4,"stageEfficiencyEx":120.6,"stageState":0,"updateTime":"2022-11-03 11:25:28"},{"activityName":"第五章","apExpect":68.809,"itemId":"31013","itemType":"凝胶","knockRating":0.262,"sampleConfidence":99.9,"sampleSize":9293,"secondary":"聚合凝胶","secondaryId":"31014","spm":"7.3","stageCode":"S5-7","stageColor":2,"stageEfficiency":94.1,"stageEfficiencyEx":117.6,"stageState":0,"updateTime":"2022-11-03 11:25:28"},{"activityName":"第七章","apExpect":69.502,"itemId":"31013","itemType":"凝胶","knockRating":0.259,"sampleConfidence":99.2,"sampleSize":6483,"secondary":"聚合凝胶","secondaryId":"31014","spm":"5.93","stageCode":"7-8","stageColor":2,"stageEfficiency":93.7,"stageEfficiencyEx":117.3,"stageState":0,"updateTime":"2022-11-03 11:25:28"},{"activityName":"第八章","apExpect":57.592,"itemId":"31013","itemType":"凝胶","knockRating":0.313,"sampleConfidence":85.0,"sampleSize":1507,"secondary":"1","secondaryId":"1","spm":"3.86","stageCode":"R8-8","stageColor":1,"stageEfficiency":92.1,"stageEfficiencyEx":115.0,"stageState":0,"updateTime":"2022-11-03 11:25:28"},{"activityName":"玛莉娅临光·别传","apExpect":73.481,"itemId":"31013","itemType":"凝胶","knockRating":0.245,"sampleConfidence":69.0,"sampleSize":645,"secondary":"聚合凝胶","secondaryId":"31014","spm":"6.17","stageCode":"MN-6","stageColor":2,"stageEfficiency":82.8,"stageEfficiencyEx":82.9,"stageState":0,"updateTime":"2022-11-03 11:25:28"}],[{"activityName":"第四章","apExpect":48.792,"itemId":"30073","itemType":"扭转醇","knockRating":0.369,"sampleConfidence":99.9,"sampleSize":53378,"secondary":"白马醇","secondaryId":"30074","spm":"6.21","stageCode":"4-4","stageColor":3,"stageEfficiency":100.0,"stageEfficiencyEx":125.0,"stageState":0,"updateTime":"2022-11-03 11:25:28"},{"activityName":"第十章标准","apExpect":47.823,"itemId":"30073","itemType":"扭转醇","knockRating":0.502,"sampleConfidence":99.9,"sampleSize":9736,"secondary":"白马醇","secondaryId":"30074","spm":"8.14","stageCode":"10-15","stageColor":2,"stageEfficiency":98.7,"stageEfficiencyEx":125.1,"stageState":0,"updateTime":"2022-11-03 11:25:28"},{"activityName":"第十一章标准","apExpect":44.047,"itemId":"30073","itemType":"扭转醇","knockRating":0.477,"sampleConfidence":89.4,"sampleSize":1657,"secondary":"白马醇","secondaryId":"30074","spm":"6.41","stageCode":"11-13","stageColor":2,"stageEfficiency":97.6,"stageEfficiencyEx":122.2,"stageState":0,"updateTime":"2022-11-03 11:25:28"},{"activityName":"第八章","apExpect":51.147,"itemId":"30073","itemType":"扭转醇","knockRating":0.352,"sampleConfidence":99.9,"sampleSize":5700,"secondary":"白马醇","secondaryId":"30074","spm":"6.32","stageCode":"R8-2","stageColor":2,"stageEfficiency":96.7,"stageEfficiencyEx":118.2,"stageState":0,"updateTime":"2022-11-03 11:25:28"},{"activityName":"骑兵与猎人·别传","apExpect":34.167,"itemId":"30073","itemType":"扭转醇","knockRating":0.439,"sampleConfidence":99.9,"sampleSize":14792,"secondary":"1","secondaryId":"1","spm":"5.42","stageCode":"GT-5","stageColor":1,"stageEfficiency":96.2,"stageEfficiencyEx":96.2,"stageState":0,"updateTime":"2022-11-03 11:25:28"},{"activityName":"第七章","apExpect":52.217,"itemId":"30073","itemType":"扭转醇","knockRating":0.345,"sampleConfidence":98.2,"sampleSize":2518,"secondary":"白马醇","secondaryId":"30074","spm":"5.07","stageCode":"7-5","stageColor":2,"stageEfficiency":95.7,"stageEfficiencyEx":95.7,"stageState":0,"updateTime":"2022-11-03 11:25:28"},{"activityName":"第九章","apExpect":48.703,"itemId":"30073","itemType":"扭转醇","knockRating":0.37,"sampleConfidence":99.2,"sampleSize":3163,"secondary":"白马醇","secondaryId":"30074","spm":"5.29","stageCode":"9-9","stageColor":2,"stageEfficiency":93.8,"stageEfficiencyEx":117.5,"stageState":0,"updateTime":"2022-11-03 11:25:28"}],[{"activityName":"第八章","apExpect":40.216,"itemId":"30053","itemType":"酮凝集组","knockRating":0.448,"sampleConfidence":99.9,"sampleSize":26277,"secondary":"1","secondaryId":"1","spm":"3.66","stageCode":"JT8-3","stageColor":3,"stageEfficiency":100.0,"stageEfficiencyEx":123.1,"stageState":0,"updateTime":"2022-11-03 11:25:28"},{"activityName":"第十章标准","apExpect":38.386,"itemId":"30053","itemType":"酮凝集组","knockRating":0.547,"sampleConfidence":99.9,"sampleSize":32729,"secondary":"1","secondaryId":"1","spm":"6.67","stageCode":"10-4","stageColor":1,"stageEfficiency":97.7,"stageEfficiencyEx":121.6,"stageState":0,"updateTime":"2022-11-03 11:25:28"},{"activityName":"第四章","apExpect":57.81,"itemId":"30053","itemType":"酮凝集组","knockRating":0.311,"sampleConfidence":99.9,"sampleSize":45503,"secondary":"酮阵列","secondaryId":"30054","spm":"6.24","stageCode":"4-5","stageColor":2,"stageEfficiency":97.1,"stageEfficiencyEx":121.0,"stageState":0,"updateTime":"2022-11-03 11:25:28"},{"activityName":"遗尘漫步·插曲","apExpect":58.283,"itemId":"30053","itemType":"酮凝集组","knockRating":0.309,"sampleConfidence":80.0,"sampleSize":939,"secondary":"酮阵列","secondaryId":"30054","spm":"5.87","stageCode":"WD-7","stageColor":2,"stageEfficiency":96.4,"stageEfficiencyEx":96.4,"stageState":0,"updateTime":"2022-11-03 11:25:28"},{"activityName":"第五章","apExpect":58.166,"itemId":"30053","itemType":"酮凝集组","knockRating":0.309,"sampleConfidence":99.9,"sampleSize":13123,"secondary":"酮阵列","secondaryId":"30054","spm":"5.74","stageCode":"5-8","stageColor":2,"stageEfficiency":94.5,"stageEfficiencyEx":120.8,"stageState":0,"updateTime":"2022-11-03 11:25:28"},{"activityName":"第三章","apExpect":40.789,"itemId":"30053","itemType":"酮凝集组","knockRating":0.368,"sampleConfidence":99.9,"sampleSize":56234,"secondary":"1","secondaryId":"1","spm":"4.97","stageCode":"3-1","stageColor":2,"stageEfficiency":93.5,"stageEfficiencyEx":118.2,"stageState":0,"updateTime":"2022-11-03 11:25:28"},{"activityName":"第九章","apExpect":62.72,"itemId":"30053","itemType":"酮凝集组","knockRating":0.287,"sampleConfidence":99.0,"sampleSize":3697,"secondary":"酮阵列","secondaryId":"30054","spm":"5.29","stageCode":"S9-1","stageColor":2,"stageEfficiency":93.2,"stageEfficiencyEx":118.2,"stageState":0,"updateTime":"2022-11-03 11:25:28"}],[{"activityName":"第四章","apExpect":71.363,"itemId":"30103","itemType":"RMA70-12","knockRating":0.294,"sampleConfidence":99.9,"sampleSize":89605,"secondary":"RMA70-24","secondaryId":"30104","spm":"5.82","stageCode":"4-9","stageColor":3,"stageEfficiency":100.0,"stageEfficiencyEx":125.5,"stageState":0,"updateTime":"2022-11-03 11:25:28"},{"activityName":"第七章","apExpect":52.78,"itemId":"30103","itemType":"RMA70-12","knockRating":0.341,"sampleConfidence":99.9,"sampleSize":37456,"secondary":"1","secondaryId":"1","spm":"6.35","stageCode":"7-10","stageColor":2,"stageEfficiency":95.9,"stageEfficiencyEx":119.0,"stageState":0,"updateTime":"2022-11-03 11:25:28"},{"activityName":"第九章","apExpect":52.586,"itemId":"30103","itemType":"RMA70-12","knockRating":0.399,"sampleConfidence":99.9,"sampleSize":19910,"secondary":"1","secondaryId":"1","spm":"4.57","stageCode":"9-19","stageColor":1,"stageEfficiency":95.9,"stageEfficiencyEx":120.6,"stageState":0,"updateTime":"2022-11-03 11:25:28"},{"activityName":"遗尘漫步·插曲","apExpect":54.527,"itemId":"30103","itemType":"RMA70-12","knockRating":0.33,"sampleConfidence":96.2,"sampleSize":4135,"secondary":"1","secondaryId":"1","spm":"7.45","stageCode":"WD-8","stageColor":2,"stageEfficiency":95.7,"stageEfficiencyEx":95.8,"stageState":0,"updateTime":"2022-11-03 11:25:28"},{"activityName":"第十章标准","apExpect":72.873,"itemId":"30103","itemType":"RMA70-12","knockRating":0.288,"sampleConfidence":99.9,"sampleSize":12784,"secondary":"RMA70-24","secondaryId":"30104","spm":"7.0","stageCode":"10-5","stageColor":2,"stageEfficiency":95.5,"stageEfficiencyEx":120.2,"stageState":0,"updateTime":"2022-11-03 11:25:28"},{"activityName":"第八章","apExpect":52.647,"itemId":"30103","itemType":"RMA70-12","knockRating":0.342,"sampleConfidence":99.9,"sampleSize":10699,"secondary":"1","secondaryId":"1","spm":"5.22","stageCode":"R8-9","stageColor":2,"stageEfficiency":95.3,"stageEfficiencyEx":120.6,"stageState":0,"updateTime":"2022-11-03 11:25:28"},{"activityName":"密林悍将归来·别传","apExpect":52.713,"itemId":"30103","itemType":"RMA70-12","knockRating":0.341,"sampleConfidence":94.0,"sampleSize":3482,"secondary":"1","secondaryId":"1","spm":"4.32","stageCode":"RI-8","stageColor":2,"stageEfficiency":94.4,"stageEfficiencyEx":94.4,"stageState":0,"updateTime":"2022-11-03 11:25:28"}],[{"activityName":"叙拉古人","apExpect":25.219,"itemId":"31023","itemType":"炽合金","knockRating":0.833,"sampleConfidence":99.9,"sampleSize":38299,"secondary":"龙门币","secondaryId":"4001","spm":"6.13","stageCode":"IS-10","stageColor":-1,"stageEfficiency":114.7,"stageEfficiencyEx":107.5,"stageState":1,"updateTime":"2022-11-03 11:25:28"},{"activityName":"叙拉古人","apExpect":25.219,"itemId":"31023","itemType":"炽合金","knockRating":0.833,"sampleConfidence":99.9,"sampleSize":38299,"secondary":"1","secondaryId":"1","spm":"6.13","stageCode":"IS-10","stageColor":4,"stageEfficiency":107.5,"stageEfficiencyEx":107.5,"stageState":1,"updateTime":"2022-11-03 11:25:28"},{"activityName":"第十一章标准","apExpect":49.564,"itemId":"31023","itemType":"炽合金","knockRating":0.424,"sampleConfidence":96.0,"sampleSize":3571,"secondary":"炽合金块","secondaryId":"31024","spm":"7.64","stageCode":"11-14","stageColor":2,"stageEfficiency":100.0,"stageEfficiencyEx":124.9,"stageState":0,"updateTime":"2022-11-03 11:25:28"},{"activityName":"第十章标准","apExpect":52.958,"itemId":"31023","itemType":"炽合金","knockRating":0.397,"sampleConfidence":99.9,"sampleSize":16949,"secondary":"炽合金块","secondaryId":"31024","spm":"8.03","stageCode":"10-14","stageColor":2,"stageEfficiency":98.6,"stageEfficiencyEx":124.0,"stageState":0,"updateTime":"2022-11-03 11:25:28"},{"activityName":"第五章","apExpect":58.078,"itemId":"31023","itemType":"炽合金","knockRating":0.31,"sampleConfidence":99.9,"sampleSize":11451,"secondary":"炽合金块","secondaryId":"31024","spm":"7.3","stageCode":"S5-8","stageColor":2,"stageEfficiency":96.8,"stageEfficiencyEx":121.4,"stageState":0,"updateTime":"2022-11-03 11:25:28"},{"activityName":"画中人·别传","apExpect":38.45,"itemId":"31023","itemType":"炽合金","knockRating":0.39,"sampleConfidence":60.8,"sampleSize":587,"secondary":"1","secondaryId":"1","spm":"4.37","stageCode":"WR-8","stageColor":2,"stageEfficiency":95.9,"stageEfficiencyEx":95.9,"stageState":0,"updateTime":"2022-11-03 11:25:28"},{"activityName":"第三章","apExpect":37.808,"itemId":"31023","itemType":"炽合金","knockRating":0.397,"sampleConfidence":99.9,"sampleSize":38607,"secondary":"1","secondaryId":"1","spm":"7.38","stageCode":"S3-6","stageColor":2,"stageEfficiency":95.6,"stageEfficiencyEx":119.9,"stageState":0,"updateTime":"2022-11-03 11:25:28"},{"activityName":"第十一章标准","apExpect":46.617,"itemId":"31023","itemType":"炽合金","knockRating":0.45,"sampleConfidence":92.4,"sampleSize":1343,"secondary":"1","secondaryId":"1","spm":"6.63","stageCode":"11-2","stageColor":2,"stageEfficiency":94.2,"stageEfficiencyEx":119.7,"stageState":0,"updateTime":"2022-11-03 11:25:28"}],[{"activityName":"第四章","apExpect":61.397,"itemId":"30093","itemType":"研磨石","knockRating":0.342,"sampleConfidence":99.9,"sampleSize":99974,"secondary":"五水研磨石","secondaryId":"30094","spm":"7.59","stageCode":"4-8","stageColor":3,"stageEfficiency":100.0,"stageEfficiencyEx":125.0,"stageState":0,"updateTime":"2022-11-03 11:25:28"},{"activityName":"第七章","apExpect":65.826,"itemId":"30093","itemType":"研磨石","knockRating":0.319,"sampleConfidence":99.9,"sampleSize":22337,"secondary":"五水研磨石","secondaryId":"30094","spm":"5.75","stageCode":"7-17","stageColor":2,"stageEfficiency":99.0,"stageEfficiencyEx":123.6,"stageState":0,"updateTime":"2022-11-03 11:25:28"},{"activityName":"第十章标准","apExpect":46.481,"itemId":"30093","itemType":"研磨石","knockRating":0.452,"sampleConfidence":99.9,"sampleSize":29726,"secondary":"1","secondaryId":"1","spm":"6.6","stageCode":"10-12","stageColor":1,"stageEfficiency":97.2,"stageEfficiencyEx":121.4,"stageState":0,"updateTime":"2022-11-03 11:25:28"},{"activityName":"第三章","apExpect":46.873,"itemId":"30093","itemType":"研磨石","knockRating":0.32,"sampleConfidence":99.9,"sampleSize":63225,"secondary":"1","secondaryId":"1","spm":"5.21","stageCode":"3-3","stageColor":2,"stageEfficiency":92.2,"stageEfficiencyEx":117.0,"stageState":0,"updateTime":"2022-11-03 11:25:28"},{"activityName":"骑兵与猎人·别传","apExpect":46.593,"itemId":"30093","itemType":"研磨石","knockRating":0.322,"sampleConfidence":98.6,"sampleSize":6200,"secondary":"1","secondaryId":"1","spm":"3.48","stageCode":"GT-6","stageColor":2,"stageEfficiency":91.2,"stageEfficiencyEx":91.2,"stageState":0,"updateTime":"2022-11-03 11:25:28"},{"activityName":"沃伦姆德的薄暮·别传","apExpect":70.455,"itemId":"30093","itemType":"研磨石","knockRating":0.255,"sampleConfidence":87.6,"sampleSize":2235,"secondary":"五水研磨石","secondaryId":"30094","spm":"4.29","stageCode":"TW-8","stageColor":2,"stageEfficiency":90.7,"stageEfficiencyEx":90.7,"stageState":0,"updateTime":"2022-11-03 11:25:28"},{"activityName":"第五章","apExpect":61.409,"itemId":"30093","itemType":"研磨石","knockRating":0.342,"sampleConfidence":99.9,"sampleSize":17373,"secondary":"1","secondaryId":"1","spm":"6.89","stageCode":"5-7","stageColor":2,"stageEfficiency":90.6,"stageEfficiencyEx":111.9,"stageState":0,"updateTime":"2022-11-03 11:25:28"}],[{"activityName":"第十章标准","apExpect":45.971,"itemId":"30023","itemType":"糖组","knockRating":0.457,"sampleConfidence":94.2,"sampleSize":1123,"secondary":"糖聚块","secondaryId":"30024","spm":"6.7","stageCode":"10-10","stageColor":3,"stageEfficiency":100.0,"stageEfficiencyEx":100.0,"stageState":0,"updateTime":"2022-11-03 11:25:28"},{"activityName":"火蓝之心·别传","apExpect":31.786,"itemId":"30023","itemType":"糖组","knockRating":0.472,"sampleConfidence":83.8,"sampleSize":1210,"secondary":"1","secondaryId":"1","spm":"5.26","stageCode":"OF-F3","stageColor":2,"stageEfficiency":98.1,"stageEfficiencyEx":98.1,"stageState":0,"updateTime":"2022-11-03 11:25:28"},{"activityName":"第四章","apExpect":46.349,"itemId":"30023","itemType":"糖组","knockRating":0.388,"sampleConfidence":99.9,"sampleSize":17793,"secondary":"糖聚块","secondaryId":"30024","spm":"7.71","stageCode":"4-2","stageColor":2,"stageEfficiency":97.6,"stageEfficiencyEx":125.0,"stageState":0,"updateTime":"2022-11-03 11:25:28"},{"activityName":"第九章","apExpect":45.688,"itemId":"30023","itemType":"糖组","knockRating":0.394,"sampleConfidence":91.6,"sampleSize":3254,"secondary":"糖聚块","secondaryId":"30024","spm":"6.14","stageCode":"9-5","stageColor":2,"stageEfficiency":97.6,"stageEfficiencyEx":119.3,"stageState":0,"updateTime":"2022-11-03 11:25:28"},{"activityName":"第五章","apExpect":50.209,"itemId":"30023","itemType":"糖组","knockRating":0.358,"sampleConfidence":84.4,"sampleSize":2318,"secondary":"糖聚块","secondaryId":"30024","spm":"5.78","stageCode":"5-2","stageColor":2,"stageEfficiency":97.3,"stageEfficiencyEx":124.2,"stageState":0,"updateTime":"2022-11-03 11:25:28"},{"activityName":"孤岛风云·别传","apExpect":31.57,"itemId":"30023","itemType":"糖组","knockRating":0.475,"sampleConfidence":72.2,"sampleSize":724,"secondary":"1","secondaryId":"1","spm":"19.35","stageCode":"MB-6","stageColor":1,"stageEfficiency":95.5,"stageEfficiencyEx":95.5,"stageState":0,"updateTime":"2022-11-03 11:25:28"},{"activityName":"第十一章标准","apExpect":40.773,"itemId":"30023","itemType":"糖组","knockRating":0.515,"sampleConfidence":93.8,"sampleSize":1097,"secondary":"1","secondaryId":"1","spm":"6.09","stageCode":"11-6","stageColor":2,"stageEfficiency":94.3,"stageEfficiencyEx":120.8,"stageState":0,"updateTime":"2022-11-03 11:25:28"}],[{"activityName":"第七章","apExpect":32.463,"itemId":"30033","itemType":"聚酸酯组","knockRating":0.554,"sampleConfidence":99.9,"sampleSize":17577,"secondary":"1","secondaryId":"1","spm":"5.87","stageCode":"7-4","stageColor":3,"stageEfficiency":100.0,"stageEfficiencyEx":124.8,"stageState":0,"updateTime":"2022-11-03 11:25:28"},{"activityName":"遗尘漫步·插曲","apExpect":32.184,"itemId":"30033","itemType":"聚酸酯组","knockRating":0.466,"sampleConfidence":85.6,"sampleSize":1341,"secondary":"1","secondaryId":"1","spm":"4.62","stageCode":"WD-6","stageColor":1,"stageEfficiency":96.7,"stageEfficiencyEx":96.7,"stageState":0,"updateTime":"2022-11-03 11:25:28"},{"activityName":"第三章","apExpect":45.964,"itemId":"30033","itemType":"聚酸酯组","knockRating":0.392,"sampleConfidence":99.9,"sampleSize":12653,"secondary":"聚酸酯块","secondaryId":"30034","spm":"5.27","stageCode":"3-8","stageColor":2,"stageEfficiency":95.9,"stageEfficiencyEx":123.5,"stageState":0,"updateTime":"2022-11-03 11:25:28"},{"activityName":"第六章","apExpect":47.096,"itemId":"30033","itemType":"聚酸酯组","knockRating":0.382,"sampleConfidence":99.6,"sampleSize":3663,"secondary":"聚酸酯块","secondaryId":"30034","spm":"6.97","stageCode":"6-4","stageColor":2,"stageEfficiency":95.2,"stageEfficiencyEx":122.4,"stageState":0,"updateTime":"2022-11-03 11:25:28"},{"activityName":"第五章","apExpect":36.717,"itemId":"30033","itemType":"聚酸酯组","knockRating":0.49,"sampleConfidence":99.9,"sampleSize":16480,"secondary":"1","secondaryId":"1","spm":"4.95","stageCode":"5-3","stageColor":2,"stageEfficiency":92.7,"stageEfficiencyEx":113.9,"stageState":0,"updateTime":"2022-11-03 11:25:28"},{"activityName":"第九章","apExpect":48.867,"itemId":"30033","itemType":"聚酸酯组","knockRating":0.368,"sampleConfidence":77.4,"sampleSize":1352,"secondary":"聚酸酯块","secondaryId":"30034","spm":"6.14","stageCode":"9-7","stageColor":2,"stageEfficiency":89.8,"stageEfficiencyEx":111.4,"stageState":0,"updateTime":"2022-11-03 11:25:28"},{"activityName":"第二章","apExpect":32.963,"itemId":"30033","itemType":"聚酸酯组","knockRating":0.364,"sampleConfidence":99.9,"sampleSize":10007,"secondary":"1","secondaryId":"1","spm":"4.14","stageCode":"2-6","stageColor":2,"stageEfficiency":89.4,"stageEfficiencyEx":111.6,"stageState":0,"updateTime":"2022-11-03 11:25:28"}],[{"activityName":"第八章","apExpect":38.409,"itemId":"31033","itemType":"晶体元件","knockRating":0.547,"sampleConfidence":99.9,"sampleSize":21346,"secondary":"晶体电路","secondaryId":"31034","spm":"4.6","stageCode":"R8-11","stageColor":3,"stageEfficiency":100.0,"stageEfficiencyEx":121.2,"stageState":0,"updateTime":"2022-11-03 11:25:28"},{"activityName":"覆潮之下·插曲","apExpect":53.208,"itemId":"31033","itemType":"晶体元件","knockRating":0.338,"sampleConfidence":90.8,"sampleSize":940,"secondary":"晶体电路","secondaryId":"31034","spm":"5.74","stageCode":"SV-8","stageColor":2,"stageEfficiency":95.5,"stageEfficiencyEx":95.4,"stageState":0,"updateTime":"2022-11-03 11:25:28"},{"activityName":"第五章","apExpect":53.862,"itemId":"31033","itemType":"晶体元件","knockRating":0.334,"sampleConfidence":99.9,"sampleSize":4300,"secondary":"晶体电路","secondaryId":"31034","spm":"7.35","stageCode":"S5-9","stageColor":2,"stageEfficiency":89.6,"stageEfficiencyEx":113.5,"stageState":0,"updateTime":"2022-11-03 11:25:28"},{"activityName":"第九章","apExpect":37.921,"itemId":"31033","itemType":"晶体元件","knockRating":0.554,"sampleConfidence":95.4,"sampleSize":1069,"secondary":"1","secondaryId":"1","spm":"6.06","stageCode":"9-14","stageColor":1,"stageEfficiency":85.5,"stageEfficiencyEx":85.4,"stageState":0,"updateTime":"2022-11-03 11:25:28"},{"activityName":"第三章","apExpect":64.423,"itemId":"31033","itemType":"晶体元件","knockRating":0.279,"sampleConfidence":98.8,"sampleSize":1879,"secondary":"1","secondaryId":"1","spm":"7.35","stageCode":"S3-7","stageColor":2,"stageEfficiency":82.1,"stageEfficiencyEx":82.2,"stageState":0,"updateTime":"2022-11-03 11:25:28"}],[{"activityName":"叙拉古人","apExpect":19.183,"itemId":"30013","itemType":"固源岩组","knockRating":1.095,"sampleConfidence":99.9,"sampleSize":127717,"secondary":"龙门币","secondaryId":"4001","spm":"6.3","stageCode":"IS-8","stageColor":-1,"stageEfficiency":112.1,"stageEfficiencyEx":104.9,"stageState":1,"updateTime":"2022-11-03 11:25:28"},{"activityName":"叙拉古人","apExpect":19.183,"itemId":"30013","itemType":"固源岩组","knockRating":1.095,"sampleConfidence":99.9,"sampleSize":127717,"secondary":"1","secondaryId":"1","spm":"6.3","stageCode":"IS-8","stageColor":4,"stageEfficiency":104.9,"stageEfficiencyEx":104.9,"stageState":1,"updateTime":"2022-11-03 11:25:28"},{"activityName":"第一章","apExpect":24.093,"itemId":"30012","itemType":"固源岩组","knockRating":1.245,"sampleConfidence":99.9,"sampleSize":29031645,"secondary":"基础作战记录","secondaryId":"2001","spm":"3.05","stageCode":"1-7","stageColor":2,"stageEfficiency":100.0,"stageEfficiencyEx":139.0,"stageState":0,"updateTime":"2022-11-03 11:25:28"},{"activityName":"第十章标准","apExpect":27.587,"itemId":"30013","itemType":"固源岩组","knockRating":0.761,"sampleConfidence":99.9,"sampleSize":148183,"secondary":"1","secondaryId":"1","spm":"6.92","stageCode":"10-6","stageColor":2,"stageEfficiency":99.3,"stageEfficiencyEx":124.1,"stageState":0,"updateTime":"2022-11-03 11:25:28"},{"activityName":"第十一章标准","apExpect":37.968,"itemId":"30013","itemType":"固源岩组","knockRating":0.553,"sampleConfidence":99.9,"sampleSize":48646,"secondary":"提纯源岩","secondaryId":"30014","spm":"5.74","stageCode":"11-18","stageColor":2,"stageEfficiency":98.6,"stageEfficiencyEx":123.6,"stageState":0,"updateTime":"2022-11-03 11:25:28"},{"activityName":"第四章","apExpect":40.661,"itemId":"30013","itemType":"固源岩组","knockRating":0.443,"sampleConfidence":99.9,"sampleSize":65896,"secondary":"提纯源岩","secondaryId":"30014","spm":"5.45","stageCode":"4-6","stageColor":2,"stageEfficiency":98.6,"stageEfficiencyEx":123.0,"stageState":0,"updateTime":"2022-11-03 11:25:28"},{"activityName":"第九章","apExpect":41.126,"itemId":"30013","itemType":"固源岩组","knockRating":0.438,"sampleConfidence":99.9,"sampleSize":17561,"secondary":"提纯源岩","secondaryId":"30014","spm":"5.87","stageCode":"9-13","stageColor":2,"stageEfficiency":96.4,"stageEfficiencyEx":121.6,"stageState":0,"updateTime":"2022-11-03 11:25:28"},{"activityName":"第八章","apExpect":41.937,"itemId":"30013","itemType":"固源岩组","knockRating":0.429,"sampleConfidence":99.9,"sampleSize":7714,"secondary":"提纯源岩","secondaryId":"30014","spm":"6.39","stageCode":"R8-3","stageColor":2,"stageEfficiency":96.0,"stageEfficiencyEx":120.6,"stageState":0,"updateTime":"2022-11-03 11:25:28"}],[{"activityName":"第九章","apExpect":64.7,"itemId":"31043","itemType":"半自然溶剂","knockRating":0.278,"sampleConfidence":99.9,"sampleSize":13127,"secondary":"精炼溶剂","secondaryId":"31044","spm":"4.93","stageCode":"9-4","stageColor":3,"stageEfficiency":100.0,"stageEfficiencyEx":125.6,"stageState":0,"updateTime":"2022-11-03 11:25:28"},{"activityName":"第九章","apExpect":63.765,"itemId":"31043","itemType":"半自然溶剂","knockRating":0.329,"sampleConfidence":99.9,"sampleSize":19421,"secondary":"精炼溶剂","secondaryId":"31044","spm":"5.6","stageCode":"9-18","stageColor":1,"stageEfficiency":98.5,"stageEfficiencyEx":125.2,"stageState":0,"updateTime":"2022-11-03 11:25:28"},{"activityName":"第十一章标准","apExpect":68.821,"itemId":"31043","itemType":"半自然溶剂","knockRating":0.349,"sampleConfidence":87.0,"sampleSize":866,"secondary":"精炼溶剂","secondaryId":"31044","spm":"9.6","stageCode":"11-8","stageColor":2,"stageEfficiency":92.5,"stageEfficiencyEx":116.7,"stageState":0,"updateTime":"2022-11-03 11:25:28"}],[{"activityName":"叙拉古人","apExpect":29.956,"itemId":"31053","itemType":"化合切削液","knockRating":0.701,"sampleConfidence":99.9,"sampleSize":14282,"secondary":"龙门币","secondaryId":"4001","spm":"5.97","stageCode":"IS-9","stageColor":-1,"stageEfficiency":112.4,"stageEfficiencyEx":105.1,"stageState":1,"updateTime":"2022-11-03 11:25:28"},{"activityName":"叙拉古人","apExpect":29.956,"itemId":"31053","itemType":"化合切削液","knockRating":0.701,"sampleConfidence":99.9,"sampleSize":14282,"secondary":"1","secondaryId":"1","spm":"5.97","stageCode":"IS-9","stageColor":4,"stageEfficiency":105.2,"stageEfficiencyEx":105.1,"stageState":1,"updateTime":"2022-11-03 11:25:28"},{"activityName":"第十章标准","apExpect":45.32,"itemId":"31053","itemType":"化合切削液","knockRating":0.53,"sampleConfidence":99.6,"sampleSize":3839,"secondary":"1","secondaryId":"1","spm":"5.09","stageCode":"10-17","stageColor":2,"stageEfficiency":100.0,"stageEfficiencyEx":125.2,"stageState":0,"updateTime":"2022-11-03 11:25:28"},{"activityName":"第十一章标准","apExpect":63.274,"itemId":"31053","itemType":"化合切削液","knockRating":0.332,"sampleConfidence":82.0,"sampleSize":925,"secondary":"切削原液","secondaryId":"31054","spm":"6.77","stageCode":"11-16","stageColor":2,"stageEfficiency":98.8,"stageEfficiencyEx":124.8,"stageState":0,"updateTime":"2022-11-03 11:25:28"},{"activityName":"第九章","apExpect":65.989,"itemId":"31053","itemType":"化合切削液","knockRating":0.273,"sampleConfidence":99.9,"sampleSize":25065,"secondary":"切削原液","secondaryId":"31054","spm":"4.68","stageCode":"9-6","stageColor":2,"stageEfficiency":94.5,"stageEfficiencyEx":119.3,"stageState":0,"updateTime":"2022-11-03 11:25:28"}],[{"activityName":"第十一章标准","apExpect":70.623,"itemId":"31063","itemType":"转质盐组","knockRating":0.34,"sampleConfidence":99.9,"sampleSize":68528,"secondary":"转质盐聚块","secondaryId":"31064","spm":"7.09","stageCode":"11-15","stageColor":3,"stageEfficiency":100.0,"stageEfficiencyEx":125.1,"stageState":0,"updateTime":"2022-11-03 11:25:28"},{"activityName":"第十一章标准","apExpect":65.975,"itemId":"31063","itemType":"转质盐组","knockRating":0.318,"sampleConfidence":99.9,"sampleSize":63898,"secondary":"转质盐聚块","secondaryId":"31064","spm":"9.4","stageCode":"11-3","stageColor":1,"stageEfficiency":98.8,"stageEfficiencyEx":124.3,"stageState":0,"updateTime":"2022-11-03 11:25:28"}]]