[
  {
    "packContent": [
      {
        "itemName": "龙门币",
        "itemQuantity": 300000
      },
      {
        "itemName": "至纯源石",
        "itemQuantity": 13
      }
    ],
    "packShowName": "空的小钱夹",
    "packType": "limited",
    "packDraw": 3.9,
    "packPPRDraw": 1.011891891891892,
    "packPPROriginium": 1.6408230452674897,
    "packPrice": 45,
    "packID": 1,
    "packRmbPerOriginium": 2.133075842696629,
    "gachaPermit": 0,
    "packState": 1,
    "packOriginium": 21.096296296296295,
    "packRmbPerDraw": 11.538461538461538,
    "gachaPermit10": 0,
    "gachaOriginium": 13,
    "packName": "空的小钱夹",
    "gachaOrundum": 0
  },
  {
    "packShowName": "大帝的手提箱",
    "packType": "limited",
    "packDraw": 4.8,
    "packPPRDraw": 0.8241653418124005,
    "packPPROriginium": 0.8235294117647058,
    "packPrice": 68,
    "packID": 1,
    "packRmbPerOriginium": 4.25,
    "gachaPermit": 0,
    "packState": 1,
    "packOriginium": 16.0,
    "packRmbPerDraw": 14.166666666666668,
    "gachaPermit10": 0,
    "gachaOriginium": 16,
    "packName": "大帝的手提箱",
    "gachaOrundum": 0
  },
  {
    "packShowName": "5⭐精二礼包",
    "packType": "limited",
    "packDraw": 7.199999999999999,
    "packPPRDraw": 0.8578047435190291,
    "packPPROriginium": 0.8571428571428572,
    "packImg": "资深干员特训礼包",
    "packPrice": 98,
    "packID": 1,
    "packRmbPerOriginium": 4.083333333333333,
    "gachaPermit": 0,
    "packState": 1,
    "packOriginium": 24.0,
    "packRmbPerDraw": 13.611111111111112,
    "gachaPermit10": 0,
    "gachaOriginium": 24,
    "packName": "资深干员特训礼包",
    "gachaOrundum": 0
  },
  {
    "packShowName": "调用凭证组合包",
    "packType": "limited",
    "packDraw": 1.0,
    "packPPRDraw": 0.05896805896805897,
    "packPPROriginium": 0.058922558922558925,
    "packPrice": 198,
    "packID": 1,
    "packRmbPerOriginium": 59.4,
    "gachaPermit": 0,
    "packState": 0,
    "packOriginium": 3.3333333333333335,
    "packRmbPerDraw": 198.0,
    "gachaPermit10": 1,
    "gachaOriginium": 0,
    "packName": "调用凭证组合包",
    "gachaOrundum": 0
  },
  {
    "packShowName": "5⭐特训礼包",
    "packType": "limited",
    "packDraw": 3.3,
    "packPPRDraw": 0.5666136724960255,
    "packPPROriginium": 0.5661764705882353,
    "packImg": "特训意向礼包",
    "packPrice": 68,
    "packID": 1,
    "packRmbPerOriginium": 6.181818181818182,
    "gachaPermit": 0,
    "packState": 1,
    "packOriginium": 11.0,
    "packRmbPerDraw": 20.606060606060606,
    "gachaPermit10": 0,
    "gachaOriginium": 11,
    "packName": "特训意向礼包",
    "gachaOrundum": 0
  }
]