[[{"cost":15.0,"costPer":2.01,"id":58,"itemId":"7001","itemName":"招聘许可","itemValue":30.085,"rawCost":"15","storeType":"green"},{"cost":450.0,"costPer":1.25,"id":59,"itemId":"7003","itemName":"寻访凭证","itemValue":562.5,"rawCost":"450","storeType":"green"},{"cost":45.0,"costPer":1.04,"id":47,"itemId":"30063","itemName":"全新装置","itemValue":46.9479,"rawCost":"45","storeType":"green"},{"cost":35.0,"costPer":0.99,"id":43,"itemId":"30083","itemName":"轻锰矿","itemValue":34.675,"rawCost":"35","storeType":"green"},{"cost":45.0,"costPer":0.99,"id":44,"itemId":"30103","itemName":"RMA70-12","itemValue":44.6956,"rawCost":"45","storeType":"green"},{"cost":30.0,"costPer":0.99,"id":46,"itemId":"30073","itemName":"扭转醇","itemValue":29.5903,"rawCost":"30","storeType":"green"},{"cost":35.0,"costPer":0.99,"id":48,"itemId":"30053","itemName":"酮凝集组","itemValue":34.699,"rawCost":"35","storeType":"green"},{"cost":35.0,"costPer":0.99,"id":50,"itemId":"30043","itemName":"异铁组","itemValue":34.7411,"rawCost":"35","storeType":"green"},{"cost":40.0,"costPer":0.96,"id":55,"itemId":"31013","itemName":"凝胶","itemValue":38.4237,"rawCost":"40","storeType":"green"},{"cost":30.0,"costPer":0.95,"id":51,"itemId":"30023","itemName":"糖组","itemValue":28.5208,"rawCost":"30","storeType":"green"},{"cost":40.0,"costPer":0.95,"id":54,"itemId":"31053","itemName":"化合切削液","itemValue":38.1928,"rawCost":"40","storeType":"green"},{"cost":30.0,"costPer":0.94,"id":49,"itemId":"30033","itemName":"聚酸酯组","itemValue":28.0604,"rawCost":"30","storeType":"green"},{"cost":35.0,"costPer":0.94,"id":56,"itemId":"31023","itemName":"炽合金","itemValue":33.0499,"rawCost":"35","storeType":"green"},{"cost":40.0,"costPer":0.93,"id":45,"itemId":"30093","itemName":"研磨石","itemValue":37.12,"rawCost":"40","storeType":"green"},{"cost":40.0,"costPer":0.93,"id":53,"itemId":"31043","itemName":"半自然溶剂","itemValue":37.341,"rawCost":"40","storeType":"green"},{"cost":30.0,"costPer":0.91,"id":57,"itemId":"31033","itemName":"晶体元件","itemValue":27.4417,"rawCost":"30","storeType":"green"},{"cost":25.0,"costPer":0.86,"id":52,"itemId":"30013","itemName":"固源岩组","itemValue":21.4066,"rawCost":"25","storeType":"green"}],[{"cost":20.0,"costPer":1.65,"id":25,"itemId":"31023","itemName":"炽合金","itemValue":33.0499,"rawCost":"20","storeType":"orange"},{"cost":17.5,"costPer":1.63,"id":22,"itemId":"30023","itemName":"糖组","itemValue":28.5208,"rawCost":"17.5","storeType":"orange"},{"cost":75.0,"costPer":1.61,"id":9,"itemId":"30024","itemName":"糖聚块","itemValue":120.8707,"rawCost":"75","storeType":"orange"},{"cost":17.5,"costPer":1.6,"id":20,"itemId":"30033","itemName":"聚酸酯组","itemValue":28.0604,"rawCost":"17.5","storeType":"orange"},{"cost":30.0,"costPer":1.56,"id":18,"itemId":"30063","itemName":"全新装置","itemValue":46.9479,"rawCost":"30","storeType":"orange"},{"cost":65.0,"costPer":1.55,"id":11,"itemId":"31014","itemName":"聚合凝胶","itemValue":100.6277,"rawCost":"65","storeType":"orange"},{"cost":70.0,"costPer":1.55,"id":29,"itemId":"31044","itemName":"精炼溶剂","itemValue":108.3705,"rawCost":"70","storeType":"orange"},{"cost":90.0,"costPer":1.54,"id":8,"itemId":"30044","itemName":"异铁块","itemValue":138.9036,"rawCost":"90","storeType":"orange"},{"cost":22.5,"costPer":1.54,"id":14,"itemId":"30083","itemName":"轻锰矿","itemValue":34.675,"rawCost":"22.5","storeType":"orange"},{"cost":22.5,"costPer":1.54,"id":19,"itemId":"30053","itemName":"酮凝集组","itemValue":34.699,"rawCost":"22.5","storeType":"orange"},{"cost":22.5,"costPer":1.54,"id":21,"itemId":"30043","itemName":"异铁组","itemValue":34.7411,"rawCost":"22.5","storeType":"orange"},{"cost":25.0,"costPer":1.54,"id":24,"itemId":"31013","itemName":"凝胶","itemValue":38.4237,"rawCost":"25","storeType":"orange"},{"cost":25.0,"costPer":1.53,"id":28,"itemId":"31053","itemName":"化合切削液","itemValue":38.1928,"rawCost":"25","storeType":"orange"},{"cost":80.0,"costPer":1.52,"id":3,"itemId":"30084","itemName":"三水锰矿","itemValue":121.4137,"rawCost":"80","storeType":"orange"},{"cost":75.0,"costPer":1.51,"id":2,"itemId":"30094","itemName":"五水研磨石","itemValue":113.222,"rawCost":"75","storeType":"orange"},{"cost":65.0,"costPer":1.5,"id":4,"itemId":"30074","itemName":"白马醇","itemValue":97.2198,"rawCost":"65","storeType":"orange"},{"cost":85.0,"costPer":1.49,"id":6,"itemId":"30054","itemName":"酮阵列","itemValue":127.0068,"rawCost":"85","storeType":"orange"},{"cost":75.0,"costPer":1.49,"id":12,"itemId":"31024","itemName":"炽合金块","itemValue":111.5308,"rawCost":"75","storeType":"orange"},{"cost":30.0,"costPer":1.49,"id":15,"itemId":"30103","itemName":"RMA70-12","itemValue":44.6956,"rawCost":"30","storeType":"orange"},{"cost":25.0,"costPer":1.49,"id":27,"itemId":"31043","itemName":"半自然溶剂","itemValue":37.341,"rawCost":"25","storeType":"orange"},{"cost":25.0,"costPer":1.48,"id":16,"itemId":"30093","itemName":"研磨石","itemValue":37.12,"rawCost":"25","storeType":"orange"},{"cost":20.0,"costPer":1.48,"id":17,"itemId":"30073","itemName":"扭转醇","itemValue":29.5903,"rawCost":"20","storeType":"orange"},{"cost":80.0,"costPer":1.46,"id":1,"itemId":"30104","itemName":"RMA70-24","itemValue":116.6209,"rawCost":"80","storeType":"orange"},{"cost":80.0,"costPer":1.44,"id":7,"itemId":"30034","itemName":"聚酸酯块","itemValue":114.8232,"rawCost":"80","storeType":"orange"},{"cost":85.0,"costPer":1.43,"id":5,"itemId":"30064","itemName":"改量装置","itemValue":121.2941,"rawCost":"85","storeType":"orange"},{"cost":15.0,"costPer":1.43,"id":23,"itemId":"30013","itemName":"固源岩组","itemValue":21.4066,"rawCost":"15","storeType":"orange"},{"cost":70.0,"costPer":1.41,"id":30,"itemId":"31054","itemName":"切削原液","itemValue":98.4712,"rawCost":"70","storeType":"orange"},{"cost":20.0,"costPer":1.37,"id":26,"itemId":"31033","itemName":"晶体元件","itemValue":27.4417,"rawCost":"20","storeType":"orange"},{"cost":90.0,"costPer":1.34,"id":13,"itemId":"31034","itemName":"晶体电路","itemValue":120.7699,"rawCost":"90","storeType":"orange"},{"cost":60.0,"costPer":1.33,"id":10,"itemId":"30014","itemName":"提纯源岩","itemValue":80.0395,"rawCost":"60","storeType":"orange"},{"cost":10.0,"costPer":1.19,"id":31,"itemId":"30062","itemName":"装置","itemValue":11.8966,"rawCost":"10","storeType":"orange"},{"cost":7.5,"costPer":1.18,"id":32,"itemId":"30052","itemName":"酮凝集","itemValue":8.8344,"rawCost":"7.5","storeType":"orange"},{"cost":7.5,"costPer":1.18,"id":33,"itemId":"30042","itemName":"异铁","itemValue":8.8449,"rawCost":"7.5","storeType":"orange"},{"cost":3.75,"costPer":1.18,"id":36,"itemId":"30012","itemName":"固源岩","itemValue":4.409,"rawCost":"3.75","storeType":"orange"},{"cost":6.25,"costPer":1.17,"id":35,"itemId":"30022","itemName":"糖","itemValue":7.2898,"rawCost":"6.25","storeType":"orange"},{"cost":6.25,"costPer":1.15,"id":34,"itemId":"30032","itemName":"聚酸酯","itemValue":7.1748,"rawCost":"6.25","storeType":"orange"},{"cost":5.0,"costPer":0.8,"id":37,"itemId":"30061","itemName":"破损装置","itemValue":3.9866,"rawCost":"5","storeType":"orange"},{"cost":1.875,"costPer":0.8,"id":42,"itemId":"30011","itemName":"源岩","itemValue":1.4907,"rawCost":"1.875","storeType":"orange"},{"cost":3.75,"costPer":0.79,"id":38,"itemId":"30051","itemName":"双酮","itemValue":2.9659,"rawCost":"3.75","storeType":"orange"},{"cost":3.75,"costPer":0.79,"id":39,"itemId":"30041","itemName":"异铁碎片","itemValue":2.9694,"rawCost":"3.75","storeType":"orange"},{"cost":3.125,"costPer":0.78,"id":40,"itemId":"30021","itemName":"代糖","itemValue":2.451,"rawCost":"3.125","storeType":"orange"},{"cost":3.125,"costPer":0.77,"id":41,"itemId":"30031","itemName":"酯原料","itemValue":2.4126,"rawCost":"3.125","storeType":"orange"}],[{"cost":0.2,"costPer":4.69,"id":60,"itemId":"4003","itemName":"合成玉","itemValue":0.9375,"rawCost":"0.2","storeType":"purple"},{"cost":60.0,"costPer":2.02,"id":68,"itemId":"30084","itemName":"三水锰矿","itemValue":121.4137,"rawCost":"60","storeType":"purple"},{"cost":60.0,"costPer":2.01,"id":64,"itemId":"30024","itemName":"糖聚块","itemValue":120.8707,"rawCost":"60","storeType":"purple"},{"cost":50.0,"costPer":2.01,"id":70,"itemId":"31014","itemName":"聚合凝胶","itemValue":100.6277,"rawCost":"50","storeType":"purple"},{"cost":70.0,"costPer":1.98,"id":65,"itemId":"30044","itemName":"异铁块","itemValue":138.9036,"rawCost":"70","storeType":"purple"},{"cost":55.0,"costPer":1.97,"id":75,"itemId":"31044","itemName":"精炼溶剂","itemValue":108.3705,"rawCost":"55","storeType":"purple"},{"cost":65.0,"costPer":1.95,"id":63,"itemId":"30054","itemName":"酮阵列","itemValue":127.0068,"rawCost":"65","storeType":"purple"},{"cost":50.0,"costPer":1.94,"id":73,"itemId":"30074","itemName":"白马醇","itemValue":97.2198,"rawCost":"50","storeType":"purple"},{"cost":60.0,"costPer":1.91,"id":66,"itemId":"30034","itemName":"聚酸酯块","itemValue":114.8232,"rawCost":"60","storeType":"purple"},{"cost":60.0,"costPer":1.89,"id":67,"itemId":"30094","itemName":"五水研磨石","itemValue":113.222,"rawCost":"60","storeType":"purple"},{"cost":60.0,"costPer":1.86,"id":69,"itemId":"31024","itemName":"炽合金块","itemValue":111.5308,"rawCost":"60","storeType":"purple"},{"cost":65.0,"costPer":1.79,"id":72,"itemId":"30104","itemName":"RMA70-24","itemValue":116.6209,"rawCost":"65","storeType":"purple"},{"cost":55.0,"costPer":1.79,"id":76,"itemId":"31054","itemName":"切削原液","itemValue":98.4712,"rawCost":"55","storeType":"purple"},{"cost":70.0,"costPer":1.73,"id":71,"itemId":"31034","itemName":"晶体电路","itemValue":120.7699,"rawCost":"70","storeType":"purple"},{"cost":50.0,"costPer":1.6,"id":62,"itemId":"30014","itemName":"提纯源岩","itemValue":80.0395,"rawCost":"50","storeType":"purple"},{"cost":85.0,"costPer":1.43,"id":61,"itemId":"30064","itemName":"改量装置","itemValue":121.2941,"rawCost":"85","storeType":"purple"},{"cost":20.0,"costPer":0.66,"id":78,"itemId":"3303","itemName":"技巧概要·卷3","itemValue":13.196,"rawCost":"20","storeType":"purple"},{"cost":0.0075,"costPer":0.6,"id":74,"itemId":"4001","itemName":"龙门币","itemValue":0.0045,"rawCost":"0.0075","storeType":"purple"},{"cost":15.0,"costPer":0.38,"id":77,"itemId":"2004","itemName":"高级作战记录","itemValue":5.625,"rawCost":"15","storeType":"purple"}],[{"cost":10.0,"costPer":12.14,"id":86,"itemId":"30084","itemName":"三水锰矿","itemValue":121.4137,"rawCost":"10","storeType":"yellow"},{"cost":10.0,"costPer":12.09,"id":82,"itemId":"30024","itemName":"糖聚块","itemValue":120.8707,"rawCost":"10","storeType":"yellow"},{"cost":10.0,"costPer":11.48,"id":84,"itemId":"30034","itemName":"聚酸酯块","itemValue":114.8232,"rawCost":"10","storeType":"yellow"},{"cost":10.0,"costPer":11.32,"id":85,"itemId":"30094","itemName":"五水研磨石","itemValue":113.222,"rawCost":"10","storeType":"yellow"},{"cost":20.0,"costPer":10.2,"id":92,"itemId":"mod_unlock_token","itemName":"模组数据块","itemValue":204.0,"rawCost":"20","storeType":"yellow"},{"cost":15.0,"costPer":10.2,"id":93,"itemId":"32001","itemName":"芯片助剂","itemValue":152.99,"rawCost":"15","storeType":"yellow"},{"cost":10.0,"costPer":9.72,"id":91,"itemId":"30074","itemName":"白马醇","itemValue":97.2198,"rawCost":"10","storeType":"yellow"},{"cost":15.0,"costPer":9.26,"id":83,"itemId":"30044","itemName":"异铁块","itemValue":138.9036,"rawCost":"15","storeType":"yellow"},{"cost":15.0,"costPer":8.47,"id":81,"itemId":"30054","itemName":"酮阵列","itemValue":127.0068,"rawCost":"15","storeType":"yellow"},{"cost":15.0,"costPer":8.05,"id":90,"itemId":"31034","itemName":"晶体电路","itemValue":120.7699,"rawCost":"15","storeType":"yellow"},{"cost":10.0,"costPer":8.0,"id":80,"itemId":"30014","itemName":"提纯源岩","itemValue":80.0395,"rawCost":"10","storeType":"yellow"},{"cost":15.0,"costPer":7.77,"id":89,"itemId":"30104","itemName":"RMA70-24","itemValue":116.6209,"rawCost":"15","storeType":"yellow"},{"cost":15.0,"costPer":7.44,"id":87,"itemId":"31024","itemName":"炽合金块","itemValue":111.5308,"rawCost":"15","storeType":"yellow"},{"cost":15.0,"costPer":6.71,"id":88,"itemId":"31014","itemName":"聚合凝胶","itemValue":100.6277,"rawCost":"15","storeType":"yellow"},{"cost":20.0,"costPer":6.06,"id":79,"itemId":"30064","itemName":"改量装置","itemValue":121.2941,"rawCost":"20","storeType":"yellow"}],[{"cost":1.6,"costPer":18.8,"id":97,"itemId":"7001","itemName":"招聘许可","itemValue":30.085,"rawCost":"1.6","storeType":"grey"},{"cost":5.6E-4,"costPer":8.04,"id":94,"itemId":"4001","itemName":"龙门币","itemValue":0.0045,"rawCost":"0.00056","storeType":"grey"},{"cost":0.6667,"costPer":7.92,"id":100,"itemId":"3302","itemName":"技巧概要·卷2","itemValue":5.278,"rawCost":"0.6667","storeType":"grey"},{"cost":1.6,"costPer":7.44,"id":112,"itemId":"30062","itemName":"装置","itemValue":11.8966,"rawCost":"1.6","storeType":"grey"},{"cost":1.2,"costPer":7.37,"id":110,"itemId":"30042","itemName":"异铁","itemValue":8.8449,"rawCost":"1.2","storeType":"grey"},{"cost":1.2,"costPer":7.36,"id":111,"itemId":"30052","itemName":"酮凝集","itemValue":8.8344,"rawCost":"1.2","storeType":"grey"},{"cost":1.0,"costPer":7.29,"id":108,"itemId":"30022","itemName":"糖","itemValue":7.2898,"rawCost":"1","storeType":"grey"},{"cost":1.0,"costPer":7.17,"id":109,"itemId":"30032","itemName":"聚酸酯","itemValue":7.1748,"rawCost":"1","storeType":"grey"},{"cost":0.6667,"costPer":6.61,"id":107,"itemId":"30012","itemName":"固源岩","itemValue":4.409,"rawCost":"0.6667","storeType":"grey"},{"cost":0.32,"costPer":6.6,"id":99,"itemId":"3301","itemName":"技巧概要·卷1","itemValue":2.111,"rawCost":"0.32","storeType":"grey"},{"cost":0.1111,"costPer":5.06,"id":95,"itemId":"2001","itemName":"基础作战记录","itemValue":0.5625,"rawCost":"0.1111","storeType":"grey"},{"cost":0.2222,"costPer":5.06,"id":96,"itemId":"2002","itemName":"初级作战记录","itemValue":1.125,"rawCost":"0.2222","storeType":"grey"},{"cost":0.8,"costPer":4.98,"id":106,"itemId":"30061","itemName":"破损装置","itemValue":3.9866,"rawCost":"0.8","storeType":"grey"},{"cost":0.6,"costPer":4.95,"id":104,"itemId":"30041","itemName":"异铁碎片","itemValue":2.9694,"rawCost":"0.6","storeType":"grey"},{"cost":0.6,"costPer":4.94,"id":105,"itemId":"30051","itemName":"双酮","itemValue":2.9659,"rawCost":"0.6","storeType":"grey"},{"cost":0.5,"costPer":4.9,"id":102,"itemId":"30021","itemName":"代糖","itemValue":2.451,"rawCost":"0.5","storeType":"grey"},{"cost":0.5,"costPer":4.83,"id":103,"itemId":"30031","itemName":"酯原料","itemValue":2.4126,"rawCost":"0.5","storeType":"grey"},{"cost":0.2667,"costPer":4.69,"id":98,"itemId":"3003","itemName":"赤金","itemValue":1.25,"rawCost":"0.2667","storeType":"grey"},{"cost":0.4,"costPer":3.73,"id":101,"itemId":"30011","itemName":"源岩","itemValue":1.4907,"rawCost":"0.4","storeType":"grey"}]]