[{"actEndDate":"","actTagAera":[{"tagText":"","tagRank":""}],"actStartDate":1,"actImgUrl":"https://ak.hycdn.cn/announce/images/20220803/99519d959b9ed3b45f32ff8c4891c163","actStore":[{"itemArea":1,"itemId":"30145","itemName":"晶体电子单元","itemPPR":4.125338,"itemPrice":100,"itemQuantity":1,"itemStock":0},{"itemArea":1,"itemId":"30054","itemName":"酮阵列","itemPPR":3.637857142857143,"itemPrice":35,"itemQuantity":1,"itemStock":0},{"itemArea":1,"itemId":"30044","itemName":"异铁块","itemPPR":3.474865,"itemPrice":40,"itemQuantity":1,"itemStock":0},{"itemArea":1,"itemId":"31014","itemName":"聚合凝胶","itemPPR":3.36203,"itemPrice":30,"itemQuantity":1,"itemStock":0},{"itemArea":1,"itemId":"30094","itemName":"五水研磨石","itemPPR":3.2463142857142855,"itemPrice":35,"itemQuantity":1,"itemStock":0},{"itemArea":2,"itemId":"30073","itemName":"扭转醇","itemPPR":3.7244375,"itemPrice":8,"itemQuantity":1,"itemStock":0},{"itemArea":2,"itemId":"30023","itemName":"糖组","itemPPR":3.5519125,"itemPrice":8,"itemQuantity":1,"itemStock":0},{"itemArea":2,"itemId":"3303","itemName":"技巧概要·卷3","itemPPR":3.299,"itemPrice":4,"itemQuantity":1,"itemStock":0},{"itemArea":2,"itemId":"4001","itemName":"龙门币","itemPPR":3.2142857142857144,"itemPrice":7,"itemQuantity":5000,"itemStock":0},{"itemArea":2,"itemId":"30063","itemName":"全新装置","itemPPR":3.1339866666666665,"itemPrice":15,"itemQuantity":1,"itemStock":0},{"itemArea":2,"itemId":"31033","itemName":"晶体元件","itemPPR":2.72288,"itemPrice":10,"itemQuantity":1,"itemStock":0},{"itemArea":2,"itemId":"3302","itemName":"技巧概要·卷2","itemPPR":2.639,"itemPrice":2,"itemQuantity":1,"itemStock":0},{"itemArea":2,"itemId":"2004","itemName":"高级作战记录","itemPPR":2.25,"itemPrice":5,"itemQuantity":2,"itemStock":0},{"itemArea":2,"itemId":"2002","itemName":"初级作战记录","itemPPR":2.25,"itemPrice":1,"itemQuantity":2,"itemStock":0},{"itemArea":2,"itemId":"2003","itemName":"中级作战记录","itemPPR":1.875,"itemPrice":3,"itemQuantity":2,"itemStock":0},{"itemArea":3,"itemId":"3251","itemName":"术师芯片","itemPPR":3.5700000000000003,"itemPrice":6,"itemQuantity":1,"itemStock":0},{"itemArea":3,"itemId":"30062","itemName":"装置","itemPPR":2.978025,"itemPrice":4,"itemQuantity":1,"itemStock":0},{"itemArea":3,"itemId":"30042","itemName":"异铁","itemPPR":2.9519,"itemPrice":3,"itemQuantity":1,"itemStock":0},{"itemArea":3,"itemId":"30052","itemName":"酮凝集","itemPPR":2.9453,"itemPrice":3,"itemQuantity":1,"itemStock":0},{"itemArea":3,"itemId":"30022","itemName":"糖","itemPPR":2.4211666666666667,"itemPrice":3,"itemQuantity":1,"itemStock":0},{"itemArea":3,"itemId":"30032","itemName":"聚酸酯","itemPPR":2.386833333333333,"itemPrice":3,"itemQuantity":1,"itemStock":0},{"itemArea":3,"itemId":"30012","itemName":"固源岩","itemPPR":2.2038,"itemPrice":2,"itemQuantity":1,"itemStock":0},{"itemArea":3,"itemId":"4001","itemName":"龙门币","itemPPR":0.09,"itemPrice":1,"itemQuantity":20,"itemStock":0}],"actPPRBase":3.5,"actName":"长夏狂欢季","actPPRStair":0.5},{"actEndDate":"","actTagAera":[{"tagText":"","tagRank":""}],"actStartDate":1,"actImgUrl":"https://ak.hycdn.cn/announce/images/20220803/99519d959b9ed3b45f32ff8c4891c163","actStore":[{"itemArea":1,"itemId":"30145","itemName":"晶体电子单元","itemPPR":412.5338,"itemPrice":1,"itemQuantity":1,"itemStock":0},{"itemArea":1,"itemId":"30044","itemName":"异铁块","itemPPR":138.9946,"itemPrice":1,"itemQuantity":1,"itemStock":0},{"itemArea":1,"itemId":"30054","itemName":"酮阵列","itemPPR":127.325,"itemPrice":1,"itemQuantity":1,"itemStock":0},{"itemArea":1,"itemId":"30094","itemName":"五水研磨石","itemPPR":113.621,"itemPrice":1,"itemQuantity":1,"itemStock":0},{"itemArea":1,"itemId":"31014","itemName":"聚合凝胶","itemPPR":100.8609,"itemPrice":1,"itemQuantity":1,"itemStock":0},{"itemArea":2,"itemId":"30073","itemName":"扭转醇","itemPPR":3.7244375,"itemPrice":8,"itemQuantity":1,"itemStock":0},{"itemArea":2,"itemId":"30023","itemName":"糖组","itemPPR":3.5519125,"itemPrice":8,"itemQuantity":1,"itemStock":0},{"itemArea":2,"itemId":"3303","itemName":"技巧概要·卷3","itemPPR":3.299,"itemPrice":4,"itemQuantity":1,"itemStock":0},{"itemArea":2,"itemId":"4001","itemName":"龙门币","itemPPR":3.2142857142857144,"itemPrice":7,"itemQuantity":5000,"itemStock":0},{"itemArea":2,"itemId":"30063","itemName":"全新装置","itemPPR":3.1339866666666665,"itemPrice":15,"itemQuantity":1,"itemStock":0},{"itemArea":2,"itemId":"31033","itemName":"晶体元件","itemPPR":2.72288,"itemPrice":10,"itemQuantity":1,"itemStock":0},{"itemArea":2,"itemId":"3302","itemName":"技巧概要·卷2","itemPPR":2.639,"itemPrice":2,"itemQuantity":1,"itemStock":0},{"itemArea":2,"itemId":"2004","itemName":"高级作战记录","itemPPR":2.25,"itemPrice":5,"itemQuantity":2,"itemStock":0},{"itemArea":2,"itemId":"2002","itemName":"初级作战记录","itemPPR":2.25,"itemPrice":1,"itemQuantity":2,"itemStock":0},{"itemArea":2,"itemId":"2003","itemName":"中级作战记录","itemPPR":1.875,"itemPrice":3,"itemQuantity":2,"itemStock":0},{"itemArea":3,"itemId":"3251","itemName":"术师芯片","itemPPR":3.5700000000000003,"itemPrice":6,"itemQuantity":1,"itemStock":0},{"itemArea":3,"itemId":"30062","itemName":"装置","itemPPR":2.978025,"itemPrice":4,"itemQuantity":1,"itemStock":0},{"itemArea":3,"itemId":"30042","itemName":"异铁","itemPPR":2.9519,"itemPrice":3,"itemQuantity":1,"itemStock":0},{"itemArea":3,"itemId":"30052","itemName":"酮凝集","itemPPR":2.9453,"itemPrice":3,"itemQuantity":1,"itemStock":0},{"itemArea":3,"itemId":"30022","itemName":"糖","itemPPR":2.4211666666666667,"itemPrice":3,"itemQuantity":1,"itemStock":0},{"itemArea":3,"itemId":"30032","itemName":"聚酸酯","itemPPR":2.386833333333333,"itemPrice":3,"itemQuantity":1,"itemStock":0},{"itemArea":3,"itemId":"30012","itemName":"固源岩","itemPPR":2.2038,"itemPrice":2,"itemQuantity":1,"itemStock":0},{"itemArea":3,"itemId":"4001","itemName":"龙门币","itemPPR":0.09,"itemPrice":1,"itemQuantity":20,"itemStock":0}],"actPPRBase":3.5,"actName":"测试","actPPRStair":0.5}]