[{"actEndDate":"","actTagAera":[{"tagText":"","tagRank":""}],"actStartDate":1,"actImgUrl":"https://ak.hycdn.cn/announce/images/20220803/99519d959b9ed3b45f32ff8c4891c163","actStore":[{"itemArea":1,"itemName":"晶体电子单元","itemPPR":4.1230720000000005,"itemPrice":100,"itemQuantity":1,"itemStock":0},{"itemArea":1,"itemName":"酮阵列","itemPPR":3.6511428571428572,"itemPrice":35,"itemQuantity":1,"itemStock":0},{"itemArea":1,"itemName":"异铁块","itemPPR":3.465065,"itemPrice":40,"itemQuantity":1,"itemStock":0},{"itemArea":1,"itemName":"聚合凝胶","itemPPR":3.3543000000000003,"itemPrice":30,"itemQuantity":1,"itemStock":0},{"itemArea":1,"itemName":"五水研磨石","itemPPR":3.2304,"itemPrice":35,"itemQuantity":1,"itemStock":0},{"itemArea":2,"itemName":"扭转醇","itemPPR":3.702075,"itemPrice":8,"itemQuantity":1,"itemStock":0},{"itemArea":2,"itemName":"糖组","itemPPR":3.5643375,"itemPrice":8,"itemQuantity":1,"itemStock":0},{"itemArea":2,"itemName":"技巧概要·卷3","itemPPR":3.299,"itemPrice":4,"itemQuantity":1,"itemStock":0},{"itemArea":2,"itemName":"龙门币","itemPPR":3.2142857142857144,"itemPrice":7,"itemQuantity":5000,"itemStock":0},{"itemArea":2,"itemName":"全新装置","itemPPR":3.13078,"itemPrice":15,"itemQuantity":1,"itemStock":0},{"itemArea":2,"itemName":"晶体元件","itemPPR":2.75126,"itemPrice":10,"itemQuantity":1,"itemStock":0},{"itemArea":2,"itemName":"技巧概要·卷2","itemPPR":2.639,"itemPrice":2,"itemQuantity":1,"itemStock":0},{"itemArea":2,"itemName":"高级作战记录","itemPPR":2.25,"itemPrice":5,"itemQuantity":2,"itemStock":0},{"itemArea":2,"itemName":"初级作战记录","itemPPR":2.25,"itemPrice":1,"itemQuantity":2,"itemStock":0},{"itemArea":2,"itemName":"中级作战记录","itemPPR":1.875,"itemPrice":3,"itemQuantity":2,"itemStock":0},{"itemArea":3,"itemName":"术师芯片","itemPPR":3.5700000000000003,"itemPrice":6,"itemQuantity":1,"itemStock":0},{"itemArea":3,"itemName":"装置","itemPPR":2.975025,"itemPrice":4,"itemQuantity":1,"itemStock":0},{"itemArea":3,"itemName":"酮凝集","itemPPR":2.946266666666667,"itemPrice":3,"itemQuantity":1,"itemStock":0},{"itemArea":3,"itemName":"异铁","itemPPR":2.937533333333333,"itemPrice":3,"itemQuantity":1,"itemStock":0},{"itemArea":3,"itemName":"糖","itemPPR":2.4294333333333333,"itemPrice":3,"itemQuantity":1,"itemStock":0},{"itemArea":3,"itemName":"聚酸酯","itemPPR":2.3868666666666667,"itemPrice":3,"itemQuantity":1,"itemStock":0},{"itemArea":3,"itemName":"固源岩","itemPPR":2.2056,"itemPrice":2,"itemQuantity":1,"itemStock":0},{"itemArea":3,"itemName":"龙门币","itemPPR":0.09,"itemPrice":1,"itemQuantity":20,"itemStock":0}],"actPPRBase":3.5,"actName":"长夏狂欢季","actPPRStair":0.5},{"actEndDate":"","actTagAera":[{"tagText":"","tagRank":""}],"actStartDate":1,"actImgUrl":"https://ak.hycdn.cn/announce/images/20220803/99519d959b9ed3b45f32ff8c4891c163","actStore":[{"itemArea":1,"itemName":"晶体电子单元","itemPPR":412.3072,"itemPrice":1,"itemQuantity":1,"itemStock":0},{"itemArea":1,"itemName":"异铁块","itemPPR":138.6026,"itemPrice":1,"itemQuantity":1,"itemStock":0},{"itemArea":1,"itemName":"酮阵列","itemPPR":127.79,"itemPrice":1,"itemQuantity":1,"itemStock":0},{"itemArea":1,"itemName":"五水研磨石","itemPPR":113.064,"itemPrice":1,"itemQuantity":1,"itemStock":0},{"itemArea":1,"itemName":"聚合凝胶","itemPPR":100.629,"itemPrice":1,"itemQuantity":1,"itemStock":0},{"itemArea":2,"itemName":"扭转醇","itemPPR":3.702075,"itemPrice":8,"itemQuantity":1,"itemStock":0},{"itemArea":2,"itemName":"糖组","itemPPR":3.5643375,"itemPrice":8,"itemQuantity":1,"itemStock":0},{"itemArea":2,"itemName":"技巧概要·卷3","itemPPR":3.299,"itemPrice":4,"itemQuantity":1,"itemStock":0},{"itemArea":2,"itemName":"龙门币","itemPPR":3.2142857142857144,"itemPrice":7,"itemQuantity":5000,"itemStock":0},{"itemArea":2,"itemName":"全新装置","itemPPR":3.13078,"itemPrice":15,"itemQuantity":1,"itemStock":0},{"itemArea":2,"itemName":"晶体元件","itemPPR":2.75126,"itemPrice":10,"itemQuantity":1,"itemStock":0},{"itemArea":2,"itemName":"技巧概要·卷2","itemPPR":2.639,"itemPrice":2,"itemQuantity":1,"itemStock":0},{"itemArea":2,"itemName":"高级作战记录","itemPPR":2.25,"itemPrice":5,"itemQuantity":2,"itemStock":0},{"itemArea":2,"itemName":"初级作战记录","itemPPR":2.25,"itemPrice":1,"itemQuantity":2,"itemStock":0},{"itemArea":2,"itemName":"中级作战记录","itemPPR":1.875,"itemPrice":3,"itemQuantity":2,"itemStock":0},{"itemArea":3,"itemName":"术师芯片","itemPPR":3.5700000000000003,"itemPrice":6,"itemQuantity":1,"itemStock":0},{"itemArea":3,"itemName":"装置","itemPPR":2.975025,"itemPrice":4,"itemQuantity":1,"itemStock":0},{"itemArea":3,"itemName":"酮凝集","itemPPR":2.946266666666667,"itemPrice":3,"itemQuantity":1,"itemStock":0},{"itemArea":3,"itemName":"异铁","itemPPR":2.937533333333333,"itemPrice":3,"itemQuantity":1,"itemStock":0},{"itemArea":3,"itemName":"糖","itemPPR":2.4294333333333333,"itemPrice":3,"itemQuantity":1,"itemStock":0},{"itemArea":3,"itemName":"聚酸酯","itemPPR":2.3868666666666667,"itemPrice":3,"itemQuantity":1,"itemStock":0},{"itemArea":3,"itemName":"固源岩","itemPPR":2.2056,"itemPrice":2,"itemQuantity":1,"itemStock":0},{"itemArea":3,"itemName":"龙门币","itemPPR":0.09,"itemPrice":1,"itemQuantity":20,"itemStock":0}],"actPPRBase":3.5,"actName":"长夏狂欢季","actPPRStair":0.5}]