{
  "安哲拉": "安哲拉",
  "白雪": "白雪",
  "远山": "远山",
  "预备干员-后勤": "预备干员-后勤",
  "安赛尔": "安赛尔",
  "暴行": "暴行",
  "夜莺": "夜莺",
  "灵知": "灵知",
  "风笛": "风笛",
  "红云": "红云",
  "梅尔": "梅尔",
  "桑葚": "桑葚",
  "深海色": "深海色",
  "银灰": "银灰",
  "泡泡": "泡泡",
  "拜松": "拜松",
  "罗比菈塔": "罗比菈塔",
  "狮蝎": "狮蝎",
  "琴柳": "琴柳",
  "阿米娅": "阿米娅",
  "乌有": "乌有",
  "嘉维尔": "嘉维尔",
  "预备干员-近战": "预备干员-近战",
  "吽": "吽",
  "歌蕾蒂娅": "歌蕾蒂娅",
  "砾": "砾",
  "阿": "阿",
  "战车": "战车",
  "12F": "12F",
  "苦艾": "苦艾",
  "霜叶": "霜叶",
  "卡涅利安": "卡涅利安",
  "陈": "陈",
  "酸糖": "酸糖",
  "预备干员-狙击": "预备干员-狙击",
  "清道夫": "清道夫",
  "布丁": "布丁",
  "W": "W",
  "槐琥": "槐琥",
  "龙舌兰": "龙舌兰",
  "九色鹿": "九色鹿",
  "格拉尼": "格拉尼",
  "星源": "星源",
  "火神": "火神",
  "蛇屠箱": "蛇屠箱",
  "推进之王": "推进之王",
  "莫斯提马": "莫斯提马",
  "早露": "早露",
  "初雪": "初雪",
  "泥岩": "泥岩",
  "天火": "天火",
  "黑键": "黑键",
  "棘刺": "棘刺",
  "夜刀": "夜刀",
  "山": "山",
  "灰烬": "灰烬",
  "桃金娘": "桃金娘",
  "年": "年",
  "卡达": "卡达",
  "菲亚梅塔": "菲亚梅塔",
  "可颂": "可颂",
  "空": "空",
  "锡兰": "锡兰",
  "梅": "梅",
  "蓝毒": "蓝毒",
  "华法琳": "华法琳",
  "伊桑": "伊桑",
  "贝娜": "贝娜",
  "波登可": "波登可",
  "亚叶": "亚叶",
  "米格鲁": "米格鲁",
  "正义骑士号": "正义骑士号",
  "褐果": "褐果",
  "THRM-EX": "THRM-EX",
  "红": "红",
  "雷蛇": "雷蛇",
  "陨星": "陨星",
  "杰西卡": "杰西卡",
  "假日威龙陈": "假日威龙陈",
  "车尔尼": "车尔尼",
  "芬": "芬",
  "见行者": "见行者",
  "因陀罗": "因陀罗",
  "号角": "号角",
  "艾丝黛尔": "艾丝黛尔",
  "斯卡蒂": "斯卡蒂",
  "暴雨": "暴雨",
  "苏苏洛": "苏苏洛",
  "多萝西": "多萝西",
  "空爆": "空爆",
  "香草": "香草",
  "诗怀雅": "诗怀雅",
  "爱丽丝": "爱丽丝",
  "炎熔": "炎熔",
  "真理": "真理",
  "炎狱炎熔": "炎狱炎熔",
  "黑": "黑",
  "老鲤": "老鲤",
  "夏栎": "夏栎",
  "耀骑士临光": "耀骑士临光",
  "承曦格雷伊": "承曦格雷伊",
  "坚雷": "坚雷",
  "莱恩哈特": "莱恩哈特",
  "炎客": "炎客",
  "赤冬": "赤冬",
  "铸铁": "铸铁",
  "能天使": "能天使",
  "赫默": "赫默",
  "慑砂": "慑砂",
  "流明": "流明",
  "燧石": "燧石",
  "令": "令",
  "史都华德": "史都华德",
  "野鬃": "野鬃",
  "埃拉托": "埃拉托",
  "澄闪": "澄闪",
  "异客": "异客",
  "微风": "微风",
  "预备干员-术师": "预备干员-术师",
  "守林人": "守林人",
  "泡普卡": "泡普卡",
  "调香师": "调香师",
  "图耶": "图耶",
  "Lancet-2": "Lancet-2",
  "流星": "流星",
  "慕斯": "慕斯",
  "白金": "白金",
  "傀影": "傀影",
  "羽毛笔": "羽毛笔",
  "焰尾": "焰尾",
  "断崖": "断崖",
  "古米": "古米",
  "雪雉": "雪雉",
  "史尔特尔": "史尔特尔",
  "安洁莉娜": "安洁莉娜",
  "月见夜": "月见夜",
  "灰喉": "灰喉",
  "夕": "夕",
  "缠丸": "缠丸",
  "铃兰": "铃兰",
  "赫拉格": "赫拉格",
  "掠风": "掠风",
  "普罗旺斯": "普罗旺斯",
  "特米米": "特米米",
  "极境": "极境",
  "刻刀": "刻刀",
  "梓兰": "梓兰",
  "黑角": "黑角",
  "絮雨": "絮雨",
  "风丸": "风丸",
  "石棉": "石棉",
  "刻俄柏": "刻俄柏",
  "凛冬": "凛冬",
  "阿消": "阿消",
  "德克萨斯": "德克萨斯",
  "豆苗": "豆苗",
  "芙蓉": "芙蓉",
  "暮落": "暮落",
  "Castle-3": "Castle-3",
  "闪击": "闪击",
  "斑点": "斑点",
  "星熊": "星熊",
  "夜烟": "夜烟",
  "罗宾": "罗宾",
  "煌": "煌",
  "艾雅法拉": "艾雅法拉",
  "星极": "星极",
  "绮良": "绮良",
  "角峰": "角峰",
  "地灵": "地灵",
  "孑": "孑",
  "嵯峨": "嵯峨",
  "濯尘芙蓉": "濯尘芙蓉",
  "水月": "水月",
  "格劳克斯": "格劳克斯",
  "耶拉": "耶拉",
  "幽灵鲨": "幽灵鲨",
  "崖心": "崖心",
  "暗索": "暗索",
  "贾维": "贾维",
  "惊蛰": "惊蛰",
  "安比尔": "安比尔",
  "洛洛": "洛洛",
  "寒芒克洛丝": "寒芒克洛丝",
  "苇草": "苇草",
  "温蒂": "温蒂",
  "灰毫": "灰毫",
  "森蚺": "森蚺",
  "巡林者": "巡林者",
  "白面鸮": "白面鸮",
  "深靛": "深靛",
  "四月": "四月",
  "布洛卡": "布洛卡",
  "塞雷娅": "塞雷娅",
  "归溟幽灵鲨": "归溟幽灵鲨",
  "蚀清": "蚀清",
  "蜜蜡": "蜜蜡",
  "凯尔希": "凯尔希",
  "瑕光": "瑕光",
  "临光": "临光",
  "伊芙利特": "伊芙利特",
  "霜华": "霜华",
  "翎羽": "翎羽",
  "讯使": "讯使",
  "送葬人": "送葬人",
  "夜半": "夜半",
  "柏喙": "柏喙",
  "末药": "末药",
  "食铁兽": "食铁兽",
  "迷迭香": "迷迭香",
  "夜魔": "夜魔",
  "宴": "宴",
  "帕拉斯": "帕拉斯",
  "安德切尔": "安德切尔",
  "格雷伊": "格雷伊",
  "杜林": "杜林",
  "猎蜂": "猎蜂",
  "月禾": "月禾",
  "熔泉": "熔泉",
  "拉普兰德": "拉普兰德",
  "芙兰卡": "芙兰卡",
  "麦哲伦": "麦哲伦",
  "断罪者": "断罪者",
  "巫恋": "巫恋",
  "卡缇": "卡缇",
  "清流": "清流",
  "松果": "松果",
  "克洛丝": "克洛丝",
  "杰克": "杰克",
  "闪灵": "闪灵",
  "空弦": "空弦",
  "极光": "极光",
  "鞭刃": "鞭刃",
  "海蒂": "海蒂",
  "蜜莓": "蜜莓",
  "薄绿": "薄绿",
  "红豆": "红豆",
  "远牙": "远牙",
  "杜宾": "杜宾",
  "浊心斯卡蒂": "浊心斯卡蒂",
  "卡夫卡": "卡夫卡",
  "奥斯塔": "奥斯塔",
  "艾丽妮": "艾丽妮",
  "稀音": "稀音",
  "芳汀": "芳汀",
  "神": "异客",
  "牛牛": "帕拉斯",
  "牛子姐": "帕拉斯",
  "粉毛": "澄闪",
  "十万大c": "黑键",
  "耀光": "耀骑士临光",
  "174": "耀骑士临光",
  "红蒂": "浊心斯卡蒂",
  "异克": "寒芒克洛丝",
  "临光头": "耀骑士临光",
  "异格雷伊": "承曦格雷伊",
  "归鲨": "归溟幽灵鲨",
  "海猫": "安哲拉",
  "灵芝": "灵知",
  "拖拉机": "风笛",
  "前夫": "银灰",
  "前夫哥": "银灰",
  "兔子": "阿米娅",
  "老爷子": "赫拉格",
  "小火龙": "伊芙利特",
  "42姐": "史尔特尔",
  "42": "史尔特尔",
  "鬼姐": "星熊",
  "异格kkdy": "寒芒克洛丝",
  "kkdy": "寒芒克洛丝",
  "老女人": "凯尔希",
  "太后": "凯尔希",
  "前妻": "凯尔希",
  "老太婆": "凯尔希",
  "鸡翅": "棘刺",
  "海胆": "棘刺",
  "阿能": "能天使",
  "银老板": "银灰",
  "塞爹": "塞雷娅",
  "ash": "灰烬",
  "剑圣": "闪灵",
  "蒂蒂": "斯卡蒂",
  "光": "铃兰",
  "老陈": "陈",
  "小僧": "嵯峨",
  "推王": "推进之王",
  "白咕咕": "白面鸮",
  "审判官": "艾丽妮",
  "艾莉尼": "艾丽妮",
  "艾莉妮": "艾丽妮",
  "艾丽尼": "艾丽妮",
  "肥鸭": "菲亚梅塔",
  "卡姐": "卡涅利安",
  "二队长": "歌蕾蒂娅",
  "歌蒂": "歌蕾蒂娅",
  "弦子姐": "空弦",
  "弦子": "空弦",
  "弦宝": "空弦",
  "异格鲨": "归溟幽灵鲨",
  "鸡精": "极境",
  "小刻": "刻俄柏",
  "小企鹅": "麦哲伦",
  "麦当娜": "麦哲伦",
  "麦迪文": "麦哲伦",
  "麦当劳": "麦哲伦",
  "哥伦布": "麦哲伦",
  "76": "琴柳",
  "蓝蒂": "斯卡蒂",
  "浊蒂": "浊心斯卡蒂",
  "桃子": "桃金娘",
  "ff0": "华法琳",
  "归瞑幽灵鲨": "归溟幽灵鲨",
  "归暝幽灵鲨": "归溟幽灵鲨",
  "归冥幽灵鲨": "归溟幽灵鲨",
  "草海龙": "温蒂",
  "雪鸡": "雪雉",
  "香香": "迷迭香",
  "兔兔": "阿米娅",
  "分崩离析": "琴柳",
  "悲鸣": "琴柳",
  "狞笑": "琴柳",
  "你有没有感受到城市在分崩离析": "琴柳",
  "你有没有听见孩子们的悲鸣": "琴柳",
  "你不曾注意阴谋得逞者在狞笑": "琴柳",
  "理发店": "澄闪",
  "苏茜": "澄闪",
  "别在这里发癫": "澄闪",
  "考哥": "异客",
  "团长": "焰尾",
  "别在这理发店": "澄闪",
  "就在这理发店": "澄闪",
  "雷子": "惊蛰",
  "雷子姐": "惊蛰",
  "leizi": "惊蛰",
  "麟青砚": "惊蛰",
  "祖玛玛": "森蚺",
  "鲨鲨": "幽灵鲨",
  "w": "W",
  "ntr": "耀骑士临光",
  "傀常在": "傀影",
  "花泽香菜": "瑕光",
  "香菜": "瑕光",
  "洁哥": "安洁莉娜",
  "杰哥": "安洁莉娜",
  "jk": "安洁莉娜",
  "小浣熊": "罗宾",
  "吉祥物": "诗怀雅",
  "别练她": "诗怀雅",
  "姑妈": "鞭刃",
  "佐菲娅": "鞭刃",
  "rua牛": "白雪",
  "法老": "蜜蜡",
  "佐仓": "澄闪",
  "苹果派": "能天使",
  "德狗": "德克萨斯",
  "拉狗": "拉普兰德",
  "茄子": "安比尔",
  "安茄子": "安比尔",
  "安茄尔": "安比尔",
  "大哥": "安比尔",
  "虎鲸": "斯卡蒂",
  "大帅哥": "极境",
  "大将军": "桃金娘",
  "猫猫": "迷迭香",
  "叉烧猫": "诗怀雅",
  "肠粉龙": "陈",
  "挂壁": "安比尔",
  "挂逼": "安比尔",
  "小闹钟": "星极",
  "D32钢": "星极",
  "小卢": "傀影",
  "影子哥": "傀影",
  "钉宫": "艾丽妮",
  "流泪猫猫头": "杰西卡",
  "纳豆拌饭": "嵯峨",
  "六根香蕉": "嵯峨",
  "油炸豆腐": "嵯峨",
  "小鸟": "艾丽妮",
  "石乐": "砾",
  "内鬼": "阿",
  "猫耳女同事": "灰烬",
  "老猞猁": "凯尔希",
  "奶奶": "史尔特尔",
  "席德佳": "空弦",
  "兰登": "空弦",
  "修道院": "空弦",
  "兰登修道院": "空弦",
  "盟友": "银灰",
  "莱茵拳皇": "塞雷娅",
  "法国干员": "桃金娘",
  "龟龟": "蛇屠箱",
  "小莫": "莫斯提马",
  "螃蟹": "赤冬",
  "独臂电锯侠": "菲亚梅塔",
  "苦难陈述者": "菲亚梅塔",
  "毁灭凤凰人": "菲亚梅塔",
  "秘藏守望者": "菲亚梅塔",
  "超能惩罚王": "菲亚梅塔",
  "天启宣告者": "菲亚梅塔",
  "死神代行人": "菲亚梅塔",
  "微光守夜人": "菲亚梅塔",
  "神圣狩猎狂": "菲亚梅塔",
  "神选监工": "菲亚梅塔",
  "坟墓骑士": "菲亚梅塔",
  "黏性超人": "菲亚梅塔",
  "黎明破坏者": "菲亚梅塔",
  "重装芯片": "假日威龙陈",
  "水陈": "假日威龙陈",
  "塞妈": "塞雷娅",
  "小羊": "艾雅法拉",
  "丽兹": "夜莺",
  "女儿": "阿米娅",
  "吃两碗": "老鲤",
  "森rua": "森蚺",
  "拐天使": "能天使",
  "瓜天使": "安比尔",
  "喜羊羊": "闪灵",
  "闪盾": "闪击",
  "嗨老公": "闪击",
  "早子姐": "早露",
  "开荒的神": "早露",
  "陈晖洁": "陈",
  "陈sir": "陈",
  "机枪哥": "战车",
  "夹子妹": "霜华",
  "十年老兵": "安比尔",
  "政委": "真理",
  "鲨鱼": "幽灵鲨",
  "剑鱼": "歌蕾蒂娅",
  "蕾缪乐": "能天使",
  "狐萝卜": "铃兰",
  "烂肉面": "老鲤",
  "阿米娅近卫": "阿米娅近卫",
  "近卫兔": "阿米娅近卫",
  "草酱": "W",
  "老板": "银灰",
  "百炼嘉维尔": "百炼嘉维尔",
   "嘉百炼": "百炼嘉维尔",
  "宜家": "百炼嘉维尔",
  "鸿雪": "鸿雪",
  "红雪": "鸿雪",
  "至简": "至简",
  "萨卡兹大姑娘": "泥岩",
  "晓歌": "晓歌",
  "叔叔": "玛恩纳",
  "玛恩纳": "玛恩纳",
   "但书": "但书",
   "罗小黑": "罗小黑",
   "海沫": "海沫",
   "白铁": "白铁",
   "费斯特": "白铁",
   "明椒": "明椒",
   "达格达": "达格达",
   "铅踝": "铅踝"

}