{
  "新手":	"新手",
  "资深干员":	"资深干员",
  "高级资深干员":	"高级资深干员",
  "高级资深于员":	"高级资深干员",
  "高级资深千员":	"高级资深干员",
  "近战位":	"近战位",
  "远程位":	"远程位",
  "先锋干员":	"先锋干员",
  "近卫干员":	"近卫干员",
  "狙击干员":	"狙击干员",
  "重装干员":	"重装干员",
  "医疗干员":	"医疗干员",
  "辅助干员":	"辅助干员",
  "术师干员":	"术师干员",
  "特种干员":	"特种干员",
  "治疗":	"治疗",
  "支援":	"支援",
  "输出":	"输出",
  "群攻":	"群攻",
  "减速":	"减速",
  "生存":	"生存",
  "防护":	"防护",
  "削弱":	"削弱",
  "位移":	"位移",
  "控场":	"控场",
  "爆发":	"爆发",
  "召唤":	"召唤",
  "快速复活":	"快速复活",
  "费用回复":	"费用回复",
  "支援机械":	"支援机械"
}