{
	"plans":[
		{
			"rooms":{
				"trading":[
					{
						"product":"LMD",
						"operators":[
							"巫恋",
							"龙舌兰",
							"柏喙"
						],
						"sort":true,
						"autofill":false
					},
					{
						"product":"LMD",
						"operators":[
							"但书",
							"空弦",
							"黑键"
						],
						"sort":false,
						"autofill":false
					},
					{
						"product":"LMD",
						"operators":[
							"孑",
							"银灰",
							"崖心"
						],
						"sort":false,
						"autofill":false
					}
				],
				"manufacture":[
					{
						"product":"Pure Gold",
						"operators":[
							"清流",
							"温蒂",
							"森蚺"
						],
						"sort":false,
						"autofill":false
					},
					{
						"product":"Pure Gold",
						"operators":[
							"砾",
							"槐琥",
							"迷迭香"
						],
						"sort":false,
						"autofill":false
					},
					{
						"product":"Originium Shard",
						"operators":[
							"泡泡",
							"火神",
							"褐果"
						],
						"sort":false,
						"autofill":false
					}
				],
				"hire":[
					{
						"operators":[
							"絮雨"
						],
						"autofill":false
					}
				],
				"dormitory":[
					{
						"operators":[
							"爱丽丝",
							"车尔尼"
						],
						"sort":true,
						"autofill":true
					},
					{
						"operators":[],
						"sort":false,
						"autofill":true
					},
					{
						"operators":[],
						"sort":false,
						"autofill":true
					},
					{
						"operators":[],
						"sort":false,
						"autofill":true
					}
				],
				"control":[
					{
						"operators":[
							"阿米娅",
							"灵知",
							"琴柳",
							"令",
							"夕"
						]
					}
				],
				"power":[
					{
						"operators":[
							"承曦格雷伊"
						],
						"autofill":false
					},
					{
						"operators":[
							"澄闪"
						],
						"autofill":false
					},
					{
						"operators":[
							"炎狱炎熔"
						],
						"autofill":false
					}
				],
				"meeting":[
					{
						"operators":[
							"陈",
							"守林人"
						],
						"autofill":false
					}
				]
			},
			"period":[
				[
					"08:00",
					"13:59"
				]
			],
			"Fiammetta":{
				"enable":true,
				"target":"巫恋",
				"order":"pre"
			},
			"drones":{
				"enable":true,
				"index":1,
				"room":"trading",
				"order":"pre"
			},
			"name":"A+B 组",
			"description":"111111111"
		},
		{
			"rooms":{
				"trading":[
					{
						"product":"LMD",
						"operators":[
							"巫恋",
							"龙舌兰",
							"柏喙"
						],
						"sort":true,
						"autofill":false
					},
					{
						"product":"Orundum",
						"operators":[
							"古米",
							"月见夜",
							"空爆"
						],
						"sort":false,
						"autofill":false
					},
					{
						"product":"Orundum",
						"operators":[
							"古米",
							"月见夜",
							"空爆"
						],
						"sort":false,
						"autofill":false
					}
				],
				"manufacture":[
					{
						"product":"Pure Gold",
						"operators":[
							"清流",
							"温蒂",
							"森蚺"
						],
						"sort":false,
						"autofill":false
					},
					{
						"product":"Pure Gold",
						"operators":[
							"水月",
							"香草",
							"杰西卡"
						],
						"sort":false,
						"autofill":false
					},
					{
						"product":"Originium Shard",
						"operators":[
							"泡泡",
							"火神",
							"褐果"
						],
						"sort":false,
						"autofill":false
					}
				],
				"hire":[
					{
						"operators":[
							"伊桑"
						],
						"autofill":false
					}
				],
				"dormitory":[
					{
						"operators":[
							"爱丽丝",
							"车尔尼"
						],
						"sort":true,
						"autofill":true
					},
					{
						"operators":[],
						"sort":false,
						"autofill":true
					},
					{
						"operators":[],
						"sort":false,
						"autofill":true
					},
					{
						"operators":[],
						"sort":false,
						"autofill":true
					}
				],
				"control":[
					{
						"operators":[
							"诗怀雅",
							"凯尔希",
							"灵知",
							"焰尾",
							"玛恩纳"
						]
					}
				],
				"power":[
					{
						"operators":[
							"承曦格雷伊"
						],
						"autofill":false
					},
					{
						"operators":[
							"雷蛇"
						],
						"autofill":false
					},
					{
						"operators":[
							"炎狱炎熔"
						],
						"autofill":false
					}
				],
				"meeting":[
					{
						"operators":[
							"陈",
							"守林人"
						],
						"autofill":false
					}
				]
			},
			"period":[
				[
					"14:00",
					"19:59"
				]
			],
			"Fiammetta":{
				"enable":false,
				"target":"巫恋",
				"order":"pre"
			},
			"drones":{
				"enable":false,
				"index":2,
				"room":"manufacture",
				"order":"pre"
			},
			"name":"A+C 组",
			"description":"2222222222222"
		},
		{
			"rooms":{
				"trading":[
					{
						"product":"LMD",
						"operators":[
							"古米",
							"月见夜",
							"空爆"
						],
						"sort":false,
						"autofill":false
					},
					{
						"product":"Orundum",
						"operators":[
							"但书",
							"空弦",
							"黑键"
						],
						"sort":false,
						"autofill":false
					},
					{
						"product":"LMD",
						"operators":[
							"德克萨斯",
							"兰普兰德",
							"能天使"
						],
						"sort":false,
						"autofill":false
					}
				],
				"manufacture":[
					{
						"product":"Pure Gold",
						"operators":[
							"砾",
							"槐琥",
							"迷迭香"
						],
						"sort":false,
						"autofill":false
					},
					{
						"product":"Pure Gold",
						"operators":[
							"水月",
							"香草",
							"杰西卡"
						],
						"sort":false,
						"autofill":false
					},
					{
						"product":"Originium Shard",
						"operators":[
							"地灵",
							"艾雅法拉",
							"薄绿"
						],
						"sort":false,
						"autofill":false
					}
				],
				"hire":[
					{
						"operators":[
							"絮雨"
						],
						"autofill":false
					}
				],
				"dormitory":[
					{
						"operators":[
							"爱丽丝",
							"车尔尼"
						],
						"sort":true,
						"autofill":true
					},
					{
						"operators":[],
						"sort":false,
						"autofill":true
					},
					{
						"operators":[],
						"sort":false,
						"autofill":true
					},
					{
						"operators":[],
						"sort":false,
						"autofill":true
					}
				],
				"control":[
					{
						"operators":[
							"阿米娅",
							"凯尔希",
							"琴柳",
							"令",
							"夕"
						]
					}
				],
				"power":[
					{
						"operators":[
							"伊芙利特"
						],
						"autofill":false
					},
					{
						"operators":[
							"澄闪"
						],
						"autofill":false
					},
					{
						"operators":[
							"雷蛇"
						],
						"autofill":false
					}
				],
				"meeting":[
					{
						"operators":[
							"陈",
							"守林人"
						],
						"autofill":false
					}
				]
			},
			"period":[
				[
					"20:00",
					"23:59"
				]
			],
			"Fiammetta":{
				"enable":true,
				"target":"巫恋",
				"order":"pre"
			},
			"drones":{
				"enable":true,
				"index":3,
				"room":"trading",
				"order":"pre"
			},
			"name":"C+B 组",
			"description":"3333333333333"
		}
	],
	"author":"https://www.yituliu.site",
	"description":"这是个顶配243排班协议演示",
	"title":"333",
	"buildingType":"333"
}