{"plans":[{"Fiammetta":{"target":"巫恋","enable":true,"order":"pre"},"drones":{"room":"trading","index":1,"enable":true,"order":"pre"},"rooms":{"control":[{"operators":["阿米娅","灵知","琴柳","令","夕"]}],"trading":[{"operators":["巫恋","龙舌兰","柏喙"],"sort":true,"autofill":false,"product":"LMD"},{"operators":["但书","空弦","黑键"],"sort":false,"autofill":false,"product":"LMD"},{"operators":["孑","银灰","崖心"],"sort":false,"autofill":false,"product":"LMD"}],"manufacture":[{"operators":["清流","温蒂","森蚺"],"sort":false,"autofill":false,"product":"Pure Gold"},{"operators":["砾","槐琥","迷迭香"],"sort":false,"autofill":false,"product":"Pure Gold"},{"operators":["泡泡","火神","褐果"],"sort":false,"autofill":false,"product":"Originium Shard"}],"power":[{"operators":["承曦格雷伊"],"autofill":false},{"operators":["澄闪"],"autofill":false},{"operators":["炎狱炎熔"],"autofill":false}],"hire":[{"operators":["絮雨"],"autofill":false}],"meeting":[{"operators":["陈","守林人"],"autofill":false}],"dormitory":[{"operators":["爱丽丝","车尔尼"],"sort":true,"autofill":true},{"operators":[],"sort":false,"autofill":true},{"operators":[],"sort":false,"autofill":true},{"operators":[],"sort":false,"autofill":true}]},"name":"A+B 组","description":"111111111","period":[["08:00","13:59"]]},{"Fiammetta":{"target":"巫恋","enable":false,"order":"pre"},"drones":{"room":"manufacture","index":2,"enable":false,"order":"pre"},"rooms":{"control":[{"operators":["诗怀雅","凯尔希","灵知","焰尾","玛恩纳"]}],"trading":[{"operators":["巫恋","龙舌兰","柏喙"],"sort":true,"autofill":false,"product":"LMD"},{"operators":["古米","月见夜","空爆"],"sort":false,"autofill":false,"product":"Orundum"},{"operators":["古米","月见夜","空爆"],"sort":false,"autofill":false,"product":"Orundum"}],"manufacture":[{"operators":["清流","温蒂","森蚺"],"sort":false,"autofill":false,"product":"Pure Gold"},{"operators":["水月","香草","杰西卡"],"sort":false,"autofill":false,"product":"Pure Gold"},{"operators":["泡泡","火神","褐果"],"sort":false,"autofill":false,"product":"Originium Shard"}],"power":[{"operators":["承曦格雷伊"],"autofill":false},{"operators":["雷蛇"],"autofill":false},{"operators":["炎狱炎熔"],"autofill":false}],"hire":[{"operators":["伊桑"],"autofill":false}],"meeting":[{"operators":["陈","守林人"],"autofill":false}],"dormitory":[{"operators":["爱丽丝","车尔尼"],"sort":true,"autofill":true},{"operators":[],"sort":false,"autofill":true},{"operators":[],"sort":false,"autofill":true},{"operators":[],"sort":false,"autofill":true}]},"name":"A+C 组","period":[["14:00","19:59"]],"description":"2222222222222"},{"Fiammetta":{"target":"巫恋","enable":true,"order":"pre"},"drones":{"room":"trading","index":3,"enable":true,"order":"pre"},"rooms":{"control":[{"operators":["阿米娅","凯尔希","琴柳","令","夕"]}],"trading":[{"operators":["古米","月见夜","空爆"],"sort":false,"autofill":false,"product":"LMD"},{"operators":["但书","空弦","黑键"],"sort":false,"autofill":false,"product":"Orundum"},{"operators":["德克萨斯","兰普兰德","能天使"],"sort":false,"autofill":false,"product":"LMD"}],"manufacture":[{"operators":["砾","槐琥","迷迭香"],"sort":false,"autofill":false,"product":"Pure Gold"},{"operators":["水月","香草","杰西卡"],"sort":false,"autofill":false,"product":"Pure Gold"},{"operators":["地灵","艾雅法拉","薄绿"],"sort":false,"autofill":false,"product":"Originium Shard"}],"power":[{"operators":["伊芙利特"],"autofill":false},{"operators":["澄闪"],"autofill":false},{"operators":["雷蛇"],"autofill":false}],"hire":[{"operators":["絮雨"],"autofill":false}],"meeting":[{"operators":["陈","守林人"],"autofill":false}],"dormitory":[{"operators":["爱丽丝","车尔尼"],"sort":true,"autofill":true},{"operators":[],"sort":false,"autofill":true},{"operators":[],"sort":false,"autofill":true},{"operators":[],"sort":false,"autofill":true}]},"name":"C+B 组","period":[["20:00","23:59"]],"description":"3333333333333"}],"title":"333","description":"这是个顶配243排班协议演示","author":"https://www.yituliu.site","buildingType":"333"}